5128947,"איילון אקסטרים נאסד\"ק 100 פי 3 "
5115050,"קבין השקעות - ממונפת"
5122676,"ברק אסטרטגיות – קרן ממונפת"
5126438,"מגדל נאסד\"ק כפליים - קרן ממונפת"
5127592,"MTF מחקה Indxx US Cloud Computing מנוטרלת מט\"ח"
5125430,"MTF מחקה Indxx US E-Commerce  מנוטרלת מט\"ח"
5127147,"אי.בי.אי. סל SOLACTIVE US INTERNET"
5110671,"הראל מניות נאסד\"ק עד 30% מט\"ח"
5127402,"MTF מחקה Indxx US E-Commerce "
5122411,"קבין מניות חו\"ל"
5129960,"א.ש SmartBeta מחקה A.B Robotics & Automation מנוטרלת מט\"ח"
5111190,"הראל סקטורים בצמיחה"
5128459,"MTF מחקה Bluestar China Internet Software "
5128467,"MTF מחקה Bluestar Asia Technology "
5129291,"קסם Indxx US Sharing Economy KTF"
5128962,"מור מניות טכנולוגיה "
5119995,"אושן יצירה גמישה"
5129267,"MTF מחקה Indxx Global E-Commerce  "
5127600,"תכלית ISE CTA Cloud Computing TTF מנוטרלת מט\"ח"
5128814,"תמיר פישמן אקליפטוס הכלכלה הדיגיטלית"
5128756,"תכלית Dow Jones Internet Composite TTF"
5128913,"קסם DJ Internet Composite KTF"
5127329,"תכלית PHLX Semiconductor Sector TTF "
5127915,"תכלית ISE CTA Cloud Computing TTF "
5124516,"קסם NASDAQ 100 KTF מנוטרלת מט\"ח"
5123179,"תכלית NASDAQ 100 TTF  מנוטרלת מט\"ח"
5122098,"אי.בי.אי. מחקה  NASDAQ 100 מנוטרלת מט\"ח"
5108261,"קסם אקסלנס מניות חו\"ל"
5129283,"הראל Htf יNASDAQ 100"
5128905,"קסם NASDAQ 100 KTF"
5124532,"תכלית NASDAQ 100 TTF "
5127766,"Nasdaq 100 PTF"
5128939,"תכלית TTF Indxx US eGaming & Virtual Reality"
5128624,"MTF מחקה Bluestar E-Games"
5117585,"אי.בי.אי. מחקה NASDAQ 100"
5121132,"קסם Bluestar Israel Global Technology KTF"
5112115,"קסם אקסלנס יתר"
5125620,"קסם S&P Technology KTF מנוטרלת מט\"ח"
5116165,"מגדל טכנולוגיות חדשניות - מנוטרלת מט\"ח "
5125760,"MTF מחקה S&P Technology מנוטרלת מט\"ח"
5129788,"הראל Htfי S&P Technology מנוטרלת מט\"ח"
5129606,"פסטרנק שהם גמישה"
5127253,"פסגות מניות רובוטיקה"
5124268,"אושן יצירה השקעות"
5127725,"מור השקעות "
5127857,"קסם Indxx USD Disruptive Technologies  KTF מנוטרלת מט\"ח"
5101092,"אנליסט טכנולוגיות"
5128509,"דיאמונד מניות גלובאלי "
5128285,"קסם Indxx USD Disruptive Technologies KTF"
5103643,"קסם אקסלנס תיק השקעות גמיש "
5124730,"MTF מחקה Russell 1000 Growth "
5130240,"ברק גמישה"
5127279,"דולפין גמישה"
5100151,"פסגות ענקיות טכנולוגיה"
5130349,"פסגות ב. אלטרנטיב מניות ישראל"
5101019,"מיטב טכנולוגיות נבחרות"
5123815,"סלע מניות"
5127865,"אי.בי.אי. מחקה Solactive FinTech"
5123740,"מור מניות גלובלי"
5101209,"הראל מניות שווקים מתעוררים "
5127576,"פסטרנק שהם מניות"
5128020,"MTF מחקה Indxx Global Medical Devices מנוטרלת דולר"
5124052,"קסם אקסלנס גמישה "
5112834,"קסם אקסלנס מניות "
5125638,"קסם S&P Consumer Discretionary KTF מנוטרלת מט\"ח"
5129747,"הראל Htf S&P Consumer Discretionary מנוטרלת מט\"ח"
5106349,"קסם אקסלנס מניות עולם"
5123641,"MTF מחקה ת\"א צמיחה "
5105218,"אלטשולר הקרן הירוקה"
5123609,"דיאמונד גמישה"
5127063,"תכלית ISE Cyber Security TTF מגודרת מט\"ח"
5103148,"מגדל ממוקדת סקטורים ארה\"ב מנוטרלת מט\"ח"
5103593,"אי.בי.אי. סין"
5129713,"הראל Htfי ‏S&P Consumer Discretionary"
5127568,"איילון קנאביס"
5111406,"פסגות מניות פלוס"
5122965,"קסם KTF משולבת (S&P 500 (70%) Nasdaq (30% חודשי מנוטרלת מט\"ח"
5119185,"אי.בי.אי. סל ארה\"ב מגודרת מט\"ח"
5129648,"MTF מחקה Bluestar Global 5G Connectivity "
5129952,"א.ש SmartBeta מחקה A.B FinTech מנוטרלת מט\"ח"
5128277,"א.ש SmartBeta מחקה טכנולוגיה ארה\"ב A.B מנוטרלת מט\"ח"
5122692,"אי.בי.אי. מחקה Solactive US REIT"
5128525,"פורטה מניות ממוקדת "
5128236,"הראל Htf משולבת מניות חו\"ל חודשי"
5101308,"קסם אקסלנס ארה\"ב חייבת"
5125810,"פסגות מניות פינטק פלוס"
5130554,"אקסלנס קסם מניות חו\"ל"
5129309,"אי.בי.אי. מחקה משולבת מניות ארה\"ב חודשי "
5126081,"מיטב פוקוס גמישה"
5102256,"מיטב מניות חו\"ל "
5127733,"אי.בי.אי. מחקה Solactive North American Cannabis"
5129374,"תכלית TTF  INDXX US Industrial Real Estate&Logistics "
5124219,"קסם אקסלנס מניות ישראל"
5115456,"טופ אלפא מניות חו\"ל"
5123211,"אפסילון זהב"
5123799,"מגדל גמישה"
5127485,"אי.בי.אי. מחקה  Solactive North American Cannabis מנוטרל דולר ארה\"ב "
5105531,"אלטשולר שחם S&P 500"
5124797,"קסם גמישה"
5129507,"אי.בי.אי. מחקה Solactive Electronic Payment"
5131313,"מגדל מניות סייבר"
5125380,"פסגות Flex "
5119854,"פרופאונד מנייתית"
5124649,"קסם מניות ישראל"
5131339,"מגדל שווקים מתעוררים"
5126487,"מגדל יתר "
5124326,"מור יתר "
5130398,"MTF מחקה Indxx Pure Cyber מנוטרלת דולר "
5114855,"סלע מניות חו\"ל"
5520044,"מיטב סקיי השקעות"
5100961,"מיטב זהב"
5108642,"אלטשולר שחם (!) אג\"ח הזדמנויות"
5130422,"פרופאונד גמישה "
5126339,"קסם אקסלנס סקטורים עולמי"
5120837,"אנליסט תעשיות"
5120977,"ילין לפידות מניות חו\"ל"
5128988,"תכלית TTF יIndxx US Junior Cybersecurity"
5127618,"תכלית KBW NASDAQ Financial Technology TTF מנוטרלת מט\"ח"
5118823,"קסם אקסלנס מניות גלובלי ממוקדת"
5106331,"איילון מניות חו\"ל"
5111455,"הראל מניות צמיחה"
5122890,"אי.בי.אי. מחקה משולבת Staples י(50%) S&P Discretionary י(50%) חודשי מנוטרלת מט\"ח"
5127964,"אושן יצירה אקוויטי"
5121736,"מיטב חו\"ל עד 30% מט\"ח "
5130026,"הראל Htf Dow Jones U.S. Select Medical Equipment"
5106968,"סיגמא ת\"א 125 מודל ESG"
5129051,"אי.בי.אי. זיקה לקנאביס ישראל"
5113543,"סיגמא מניות חו\"ל"
5118609,"אלטשולר שחם שווקים מפותחים עד 30% מט\"ח"
5128202,"הראל Htf משולבת מניות חו\"ל חודשי מנוטרלת מט\"ח"
5106885,"הראל מניות חו\"ל"
5123161,"תכלית S&P 500 TTF  מנוטרלת מט\"ח"
5128293,"אלפא טק גמישה "
5118930,"מיטב מניות  ESG "
5125869,"MTF מחקה S&P 500  מנוטרלת מט\"ח"
5115373,"כוון מניות WALL STREET גלובלי"
5106018,"קסם אקסלנס מניות פרימיום"
5119987,"אושן יצירה תיק מניות"
5123021,"אי.בי.אי. מחקה S&P 500 מנוטרלת מט\"ח "
5127527,"הראל Htf S&P 500 - מנוטרלת מט\"ח "
5122957,"קסם S&P 500 KTF מנוטרלת מט\"ח"
5111414,"הראל חו\"ל US"
5127089,"ילין לפידות מניות חו\"ל נקובה $"
5108873,"ילין לפידות יתר   "
5103486,"קסם אקסלנס מניות US ממוקדת"
5101233,"סיגמא מניות גלובלי"
5129622,"אנליסט אלפא ביתא גמישה"
5129945,"תכלית Indxx US Food-Tech TTF"
5130307,"איילון בינה 10/90 "
5120522,"תמיר פישמן מניות"
5110820,"פסגות יתר"
5127980,"ISP Asset Managementי 10/90"
5127469,"S&P 500 PTF  "
5129275,"הראל Htf י S&P 500"
5124482,"קסם S&P 500 KTF"
5113998,"תכלית S&P 500 TTF  "
5122627,"MTF מחקה S&P 500 "
5130067,"אי.בי.אי. אסטרטגיות - ממונפת"
5129861,"שקדי קפיטל גמישה"
5118419,"הראל Htf  S&P 500 נקובה ב-$"
5116892,"פסגות ת\"א MID CAP"
5111398,"HAREL US EQUITY"
5123336,"דולפין מניות "
5129085,"א.ש SmartBeta מחקה A.B USA Large Cap"
5122437,"אי.בי.אי. מחקה Bluestar Israel Global"
5118872,"פסגות מודל סקטורים - מנוטרלת מט\"ח"
5128921,"א.ש SmartBeta מחקה A.B USA Healthcare מנוטרלת מט\"ח"
5100144,"אי.בי.אי. יתר"
5108006,"הראל מניות ארה\"ב עד 30% מט\"ח"
5126685,"קטנות Mid Cap  אנליסט מניות"
5130059,"ורדן Flexible"
5117601,"אי.בי.אי. מחקה S&P 500"
5129044,"אי.בי.אי. קנאביס עולמי - ישראל"
5120514,"מגדל אפיקים חו\"ל"
5128251,"הראל Htf משולבת מניות סקטורים ארה\"ב חודשי מנוטרלת מט\"ח"
5130505,"הראל תיק אסטרטגיות"
5109129,"פיטנגו מניות כללי "
5124508,"קסם  KTF ת\"א 90"
5111299,"הראל מניות Mid Cap"
5100482,"אי.בי.אי. גלובל אקוויטי"
5118740,"תכלית TTF ת\"א 90 "
5115126,"אי.בי.אי. מחקה ת\"א 90"
5118112,"פסגות ארה\"ב Index Plus"
5101118,"רוטשילד ארה\"ב חייבת"
5129101,"פורצ`ן (!) אג\"ח בינלאומי "
5126040,"קסם אזימוט (!) 10-90"
5125257,"מור מניות ערך "
5105770,"פסגות MID CAP  עולמי"
5125950,"הראל 20/80"
5103577,"פסגות מניות גלובלי"
5110531,"הראל מניות חו\"ל - נקובה $ "
5118781,"קסם Morningstar Wide Moat Focus KTF מנוטרלת מט\"ח"
5123435,"פסגות מניות עולמי - עד 30% מט\"ח"
5124573,"תכלית MSCI WORLD TTF"
5106653,"פסגות תיק מניות עולמי - נקובה $"
5102207,"מיטב LONG RUN"
5131271,"מגדל מניות ישראל Buy Side"
5129739,"הראל Htfי Russell 2000 מנוטרלת מט\"ח"
5105903,"אלטשולר שחם יתר"
5128079,"קסם Russell 2000 KTF מנוטרלת מט\"ח"
5131214,"מגדל  דיבידנד ישראל חייבת"
5103106,"פסגות אג\"ח חו\"ל - מנוטרלת מט\"ח"
5122361,"מגדל עוקבת תיק 4 בנק דיסקונט"
5106992,"High Yield מיטב ללא מניות ! "
5128244,"הראל Htf  משולבת מניות סקטורים ארה\"ב חודשי "
5110184,"פסגות ארה\"ב ממוקדת"
5115654,"קסם אקסלנס שכבות מדדי מניות חו\"ל"
5130299,"אי.בי.אי. מחקה BlueStar Total Security"
5123716,"פסגות מניות והזדמנויות אג\"ח"
5128376,"מור 30/70"
5120993,"קסם אקסלנס אג\"ח חו\"ל מנוטרלת מט\"ח"
5122569,"MTF מחקה MSCI World "
5110838,"פסגות מניות חו\"ל"
5122668,"אפסילון IM ארה\"ב מנוטרלת מט\"ח "
5121603,"טרגט אניגמה מניות חו\"ל"
5117759,"איילון אקסטרים 500 S&P פי 3"
5107784,"אלטשולר שחם (!) אג\"ח חו\"ל עד 10% מט\"ח"
5126065,"מיטב 40/60"
5119862,"דיאמונד אג\"ח ללא מניות"
5128541,"פורטה אג\"ח ללא מניות "
5105762,"פסגות מניות BuySide ישראל"
5103387,"קסם אקסלנס (!) קונצרני חו\"ל מנוטרלת מט\"ח חייבת"
5124995,"פורטה השקעות"
5111133,"הראל ‏מניות Buy Side ישראל"
5125224,"PTF אינדקס מניות Mid Cap"
5119318,"MSCI אי.בי.אי. סל שווקים מתעוררים"
5113956,"מיטב אג\"ח להמרה ואג\"ח חברות"
5124862,"מגדל תיק מנוהל 50/50"
5124979,"ברומטר מניות "
5112503,"פסגות 10/90 ערך"
5125018,"פורטה מניות "
5129259,"S&P Health Care PTF"
5121314,"אלטשולר שחם 10/90 תיק אג\"ח שווקים מפותחים עד 10% מט\"ח"
5122445,"פסגות ארה\"ב Index Plus - מנוטרלת מט\"ח"
5121322,"תכלית TTF משולבת סל מניות חו\"ל חודשי"
5126347,"מיטב תיק השקעות + 15%"
5129655,"אנליסט עוקבת תיק 3 הבנק הבינלאומי"
5129317,"איילון עוקבת תיק 4 הבנק הבינלאומי"
5124284,"אי.בי.אי. מחקה Russell 2000"
5129200,"ברומטר (!) אג\"ח חברות ללא מניות"
5124342,"מור (!) אג\"ח הזדמנויות"
5118898,"פסגות מניות ישראליות"
5130463,"מיטב תיק השקעות עד 4 שנים"
5105929,"US אנליסט מניות גלובלי"
5128848,"פסגות ב. אלטרנטיב (!) אג\"ח"
5128632,"מיטב (0B אג\"ח תשואה כוללת"
5125182,"קסם S&P Industrial KTF מנוטרלת מט\"ח"
5123302,"ברומטר מניות גלובאלי"
5122304,"מגדל תיק 20/80"
5128426,"תמיר פישמן גמישה"
5127956,"סלע קנאביס "
5123328,"דולפין 10/90"
5121207,"MTF מחקה iBoxx US Liquid Investment Grade Top 30  מנוטרלת מט\"ח"
5125588,"מגדל (!) אג\"ח חו\"ל מנוטרלת מט\"ח"
5114079,"מיטב 30/70"
5124789,"מגדל אג\"ח דינמית"
5119508,"ילין לפידות מניות צמיחה"
5122601,"מיטב 20/80"
5108030,"מגדל אפיקים אג\"ח !"
5130364,"מור ברקת "
5125570,"פורטה (!) אג\"ח"
5128640,"מיטב (!) אג\"ח מדורגות – רכיב בטוחה "
5102488,"הראל מגמת ריבית פלוס"
5125000,"פורטה 20/80"
5122379,"מגדל תיק אקטיבי 10/90"
5129762,"הראל Htfי S&P Consumer Staples מנוטרלת מט\"ח"
5120423,"מגדל תיק 10/90"
5114087,"ילין לפידות גמישה"
5128996,"קסם אקסלנס עוקבת תיק 4 בנק דיסקונט"
5103494,"אי.בי.אי. תיק מניות ישראל"
5126776,"אפסילון 20/80"
5127493,"אי.בי.אי. D.A. MODEL "
5126099,"אילים מניות  חו\"ל"
5105267,"ברומטר אג\"ח 15/85"
5122080,"אלטשולר שחם ת\"א 125"
5122908,"אי.בי.אי. מחקה  S&P Health Care"
5125562,"פורטה תיק השקעות עד 10%"
5118997,"MTF מחקה ת\"א SME60 "
5126511,"מגדל (!) אג\"ח הזדמנויות "
5103296,"מיטב מניות MID CAP "
5123666,"אושן יצירה 20/80"
5114798,"מיטב (!) אקטיבית 10/90"
5129770,"הראל Htfי iBoxx $ Corps Liquid 3-7 Years מנוטרלת מט\"ח"
5121439,"קסם קבין 20/80"
5129812,"הראל Htfי DJ Equal Weight US Issued Corp Bond"
5100821,"אי.בי.אי. מניות חו\"ל "
5111984,"פסגות (!) אג\"ח בתשואה גבוהה הגנתי"
5108055,"מגדל אפיקים אג\"ח אקטיבית !"
5123971,"ילין לפידות (!) אג\"ח חברות חו\"ל עד 30% מט\"ח"
5125166,"קסם DJ Industrial Average  KTF מנוטרלת מט\"ח"
5123724,"פסגות אג\"ח + 25%"
5106679,"רוטשילד שווקים מתעוררים"
5126123,"מיטב פוקוס 20/80"
5114640,"מיטב (!) קונצרני פלוס"
5124466,"פסגות (!) ישראל 10/90"
5102298,"אלטשולר שחם ת\"א MID CAP STOCK PICKING"
5101191,"מגדל 25/75 פלוס"
5117650,"איילון 25/75"
5118245,"מגדל 20/80 M.Q.Model"
5121777,"אנליסט (!) אג\"ח חו\"ל ללא מניות מנוטרלת מט\"ח"
5125398,"פסגות 20/80 פלוס"
5130315,"איילון בינה אג\"ח ללא מניות"
5100284,"קסם אקסלנס 10/90 תיק סולידי"
5128434,"אי.בי.אי. (!) קונצרני ממוקד"
5127030,"מיטב סולידית פלוס "
5124474,"פסגות תיק השקעות מנוהל"
5128855,"איילון מניות גלובאלי"
5103692,"מיטב סקיי מניות"
5128863,"מור עוקבת תיק 4 בנק דיסקונט"
5122593,"קסם אזימוט 18/82 חי דיבידנד"
5130257,"ברק 20/80 "
5123823,"סלע 10/90"
5104773,"קסם אקסלנס (!) תיק קונצרני עד 4 שנים"
5112917,"מיטב עוקבת תיק 3 הבנק הבינלאומי "
5100235,"אלטשולר שחם דולרית אג\"ח חו\"ל"
5118674," 20\\80 FOREST "
5110945,"פסגות 25/75 פלוס"
5120613,"סיגמא מניות ישראל "
5108501,"עיטם (!) FOREST"
5100300,"תמיר פישמן  אג\"ח בינלאומי (!)"
5109384,"אילים (!) תיק אג\"ח ללא מניות"
5118591,"אלטשולר שחם (!) אג\"ח חו\"ל קונצרני עד 10% מט\"ח"
5130265,"איביאי 20/90 - אסטרטגיות"
5118799,"מגדל עוקבת תיק 3 הבנק הבינלאומי"
5129333,"מיטב פוקוס אג\"ח בפוקוס"
5124102,"קסם אזימוט (!) אג\"ח חברות"
5130182,"ילין לפידות 40/60"
5123948,"מיטב (!) אג\"ח קונצרני"
5130190,"ילין לפידות A ומעלה + 10% "
5101548,"קסם אקסלנס יורו "
5112826,"מגדל תיק השקעות עד 15% ‏"
5116017,"אלטשולר שחם  אג\"ח גלובלי נקובה בדולר "
5107727,"מיטב תיק אג\"ח + 15"
5118625,"איילון עוקבת תיק 3 הבנק הבינלאומי"
5101712,"הראל אג\"ח יורו "
5101159,"רוטשילד תיק מניות גלובלי "
5100243,"פסגות מניות דיבידנד גלובלי "
5127949,"אי.בי.אי. עד 3 שנים 10/90"
5109558,"קסם אקסלנס עוקבת תיק 3 הבנק הבינלאומי"
5123443,"MTF מחקה S&P 500 Dividend Aristocrats  מנוטרלת מט\"ח"
5125695,"מגדל (!) אג\"ח חברות Buy Side"
5105911,"אלטשולר שחם ! אגח גלובלי"
5129093,"פורצ`ן גמישה"
5128780,"ילין לפידות עוקבת תיק 4 בנק דיסקונט"
5129226,"S&P Consumer Staples PTF"
5118773,"טרגט אניגמה אג\"ח חברות (!) ללא מניות"
5115647,"פסגות אג\"ח מדורג – נקובה $‏"
5127923,"מיטב אג\"ח חו\"ל פלוס"
5118385,"מגדל תיק Total Return פלוס"
5130042,"איילון תיק מניות "
5125042,"ילין לפידות עוקבת תיק 3 הבנק הבינלאומי "
5112677,"מגדל בונד שקלי A ומעלה"
5124003,"א.ש SmartBeta מחקה אירופה A.B מנוטרלת מט\"ח"
5127543,"קסם DAX 30 KTF "
5119367,"מיטב אג\"ח פלוס"
5110424,"פסגות אג\"ח משולבת + 20%"
5129168,"הראל מניות תנודתיות נמוכה"
5100474,"מיטב מניות ישראל"
5126024,"מיטב ניהול השקעות"
5120225,"אימפקט מניות "
5124557,"תכלית DAX 30 TTF "
5125265,"FOREST 10/90"
5118955,"הורייזן אג\"ח דינמית"
5130224,"מגדל  אג\"ח חברות פלוס"
5111711,"מגדל אפיקים פרימיום "
5115407,"אלטשולר שחם עוקבת תיק חו\"ל 2 הבנק הבינלאומי"
5100615,"אי.בי.אי אגח יורו בינלאומי !"
5124615,"אלטשולר שחם 50-50"
5129465,"הראל מניות במומנטום"
5108725,"פסגות ישראל 30/70"
5124227,"אושן יצירה 30/70"
5114889,"פסגות דינמית (!) אג\"ח + 10%"
5109723,"איילון עוקבת תיק 4 בנק דיסקונט"
5127121,"תמיר פישמן עוקבת תיק 3 הבנק הבינלאומי"
5120761,"קסם אקסלנס (!) 10-90 "
5127642,"MTF מחקה DAX 30  "
5129978,"FOREST (!) אג\"ח ללא מניות"
5122064,"פסגות ספיר גמישה"
5121249,"מור 10/90 תיק חו\"ל "
5112487,"פסגות (!) קונצרני ישראל"
5128566,"הראל גביש (!) אג\"ח חברות ללא מניות"
5118815,"קסם אקסלנס (!) מבחר קונצרני + 10% "
5121363,"אלפי בנדק 20/80"
5125414,"מגדל 20/80 Buy Side"
5129119,"פורצ`ן 10/90"
5129846,"קסם KTF אינדקס Bullet דולר 2025 נקובה $ "
5104237,"אנליסט (!) אג\"ח חו\"ל ללא מניות"
5100813,"אלטשולר שחם שקלית ללא מניות "
5118237,"מיטב אג\"ח + 20% "
5125745,"אילים עוקבת תיק 3 הבנק הבינלאומי"
5104278,"פסגות יפן Stock Picking"
5104849,"מגדל (!) אג\"ח חברות"
5100557,"קסם אקסלנס אג\"ח ממשלתי בחו\"ל עד שנתיים מנוטרלת מט\"ח"
5114749,"פסגות שקלית פלוס"
5105259,"מגדל אפיקים אגח תשואה כוללת"
5118658,"פסגות אג\"ח 2-5 שנים – מנוטרלת מט\"ח"
5125422,"מגדל 30/70 Buy Side"
5126107,"מיטב פוקוס 10/90"
5106208,"מגדל (!) תשואה כוללת + 10%‏"
5105572,"M.Q.Model מגדל 10/90 "
5128491,"ילין לפידות 25/75 צמיחה"
5111661,"פסגות (!) תיק אג\"ח חו\"ל נקובה $"
5112693,"אפסילון מניות חו\"ל"
5103759,"מגדל הודו"
5124920,"אפסילון גמישה"
5121330,"פסגות ספיר תיק חו\"ל"
5100953,"אפסילון תיק מנוהל"
5126727,"אלטשולר שחם ! תיק אג\"ח ללא מניות"
5123872,"מיטב אג\"ח + 10%"
5104781,"פסגות אירופה Stock Picking"
5118179,"קסם iBoxx US Liquid Investment Grade Top 30 KTF"
5125208,"אלפי בנדק 30/70 "
5127931,"מיטב אג\"ח ישראל + 10%"
5123658,"פסגות ניהול השקעות"
5102678,"מגדל עוקבת תיק 3 בנק דיסקונט"
5113089,"פסגות פלטינום אג\"ח מדינה ללא מניות"
5112396,"קסם אקסלנס (!) קונצרני"
5126180,"אלטשולר שחם 35-65"
5125794,"אילים 20/80"
5118435," דיאמונד 20/80"
5130455,"מיטב אג\"ח מדורג עד 4 שנים"
5128590,"הראל גביש תיק השקעות ללא מניות"
5118567,"פסגות אג\"ח פלוס"
5127220,"מוניטר 30/70- נקובה $"
5121074,"ברק 10/90"
5115282," מגדל 10/90 פרימיום "
5118716,"מיטב עוקבת תיק 3 בנק דיסקונט"
5109319,"קסם 30/70"
5128061,"קסם MDAX KTF מנוטרלת מט\"ח"
5130588,"קסם אקסלנס עוקבת מרכיב אג\"ח – תיק 3 הבנק הבינלאומי "
5130380,"PTF תל בונד שקלי בנקים וביטוח"
5107503,"הראל אג\"ח + 10%"
5108519,"אג\"ח (!) FOREST"
5108329,"אלטשולר שחם מניות גלובלי עד 30% מט\"ח"
5125463,"פסטרנק שהם (!) אג\"ח חברות ללא מניות"
5118724,"תכלית TTF משולבת אגח ממשלתי קונצרני (90%) מניות (20%) מנוטרלת מט\"ח חודשי"
5117734,"אימפקט 20/80"
5102058,"מיטב (!) אג\"ח חברות ללא מניות"
5114236,"אלטשולר שחם 20/80"
5118195,"(!) מגדל פלוס 10/90 "
5124938,"מיטב ת\"א All-Share"
5121215,"MTF מחקה iBoxx US Liquid Investment Grade Top 30 "
5129184,"פסגות 15/85"
5109517,"קסם אקסלנס תיק מנוהל 15%"
5126164,"אלטשולר שחם 15-85"
5122577,"קסם אקסלנס תיק 20-80"
5128616,"FOREST מניות"
5125190,"אי.בי.אי. תיק השקעות מנוהל 50/50"
5125406,"מגדל 10/90 Buy Side"
5112651,"פסגות מודל דירוג (!) עד 10%"
5123146,"מיטב שקלית פלוס"
5106273,"ילין לפידות מנייתית"
5112925,"איילון 20/80"
5122502,"אי.בי.אי. 30/70"
5129457,"מור עוקבת תיק 2 הבנק הבינלאומי "
5129192,"קסם KTFי שקליות ריבית קבועה ממשלתיות 5-10 שנים"
5105846,"קסם אקסלנס (!) תיק אג\"ח ללא מניות"
5105705,"אלטשולר שחם 75 - 25 "
5116629,"אג\"ח מדורג (!) FOREST "
5114608,"איילון עוקבת חו\"ל תיק 2 הבנק הבינלאומי"
5105580,"מיטב עוקבת תיק 2 הבנק הבינלאומי"
5124581,"תכלית DJ Industrial Average TTF"
5124888,"פרופאונד 10/90"
5122056,"פסגות ספיר תיק השקעות"
5108022,"איילון עוקבת תיק 3 בנק דיסקונט"
5101597,"מגדל ריבית משתנה פרימיום"
5104427,"מגדל פלטינום (!) אגח חברות "
5107701,"מור מנייתית "
5118260,"טרגט אניגמה תיק מנוהל 20/80"
5108121,"פסגות אג\"ח משולבת + 10% "
5109608,"פת\"פ (!) אג\"ח + 10%"
5115167," אלטשולר שחם 10-90 "
5123963,"ילין לפידות תיק השקעות מנוהל"
5131396,"מגדל אג\"ח צמוד ישראל"
5120902,"מיטב עוקבת תיק 2 חו\"ל הבנק הבינלאומי"
5105697,"אלטשולר שחם (!) אג\"ח חברות ללא מניות"
5125596,"פסגות ישראל 20/80"
5114681,"מגדל אפיקים אג\"ח פלוס "
5107479,"ילין לפידות תיק אג\"ח חברות+50%"
5116777,"ילין לפידות (!) מד\"פ שקלי "
5128517,"פסגות עוקבת תיק 4 בנק דיסקונט"
5101704,"הראל (!) קונצרני פלוס"
5118765,"טרגט אניגמה תיק מנוהל 10/90"
5127139,"שופן 20/80"
5110739,"פסגות (!) אג\"ח גלובלי"
5121728,"ילין לפידות 30/70 "
5129002,"קסם KTF תל בונד-שקלי AA-AAA"
5126362,"מיטב עוקבת תיק 4 בנק דיסקונט"
5126271,"אילים תיק אג\"ח + 20%"
5129325,"פסגות עוקבת תיק 3 הבנק הבינלאומי"
5114350,"אנליסט 10/90"
5123468,"אפסילון (!) 10/90 "
5120738,"מיטב (!) מודל שקלי עד 3 שנים"
5101183,"אי.בי.אי. ביוטכנולוגיה"
5121694,"מיטב (!)י 10/90 תיק חו\"ל עד 30% מט\"ח"
5116751,"קסם אקסלנס 10-90 "
5115555,"הראל 30/70 פלוס"
5102603,"מיטב תיק מנוהל + 15%"
5109988,"פסגות מדינה ישראל-ארה\"ב"
5125646,"הראל אייל "
5103163,"מגדל‎‎ שקלית לריבית עולה"
5103239,"מגדל (!) אג\"ח רכיב בטוחה- מדורג"
5115480,"מיטב 10/90 פלוס"
5122015,"מיטב 10/90"
5130497,"הראל ישראל 30/70 "
5121181,"ילין לפידות 10/90 תיק אג\"ח חו\"ל ומניות עד 30% מט\"ח"
5125067,"תכלית TTF אינדקס אג\"ח שקלי עד 500 מיליון"
5125687,"מגדל (!) אג\"ח Buy Side"
5102330,"מיטב תיק השקעות עד 30% מניות"
5106109,"מיטב 20/80 פלוס"
5131099,"מגדל אג\"ח ומניות עד 20%"
5102363,"פסגות (!) קונצרני עד 4 שנים - עד 30% מט\"ח"
5123260,"MTF מחקה אינדקס AA ומעלה שקלי "
5124128,"MTF אוסטרליה S&P/ASX 200"
5107131,"מיטב EX (!) תל בונד (60 ושקלי)"
5114897,"ילין לפידות מניות ישראל"
5118948,"הורייזן 30/70"
5128137,"הראל Htf שקליות ריבית קבועה ממשלתיות 5+ שנים"
5116967,"אי.בי.אי. מחקה שקליות ריבית קבועה ממשלתיות +5 שנים"
5118039,"קסם KTFי שקליות ריבית קבועה ממשלתיות 5+ שנים"
5119375,"תכלית TTF  שקליות ריבית קבועה ממשלתיות +5 שנים "
5127477,"מור אג\"ח + 15%"
5105978,"אפסילון מדינה צמוד ללא מניות"
5107495,"ילין לפידות תיק אג\"ח +30%"
5102421,"קסם אקסלנס עוקבת תיק 2 הבנק הבינלאומי "
5129598,"אלטשולר שחם עוקבת תיק 3 הבנק הבינלאומי"
5103676,"מגדל שקלית ללא מניות "
5101563,"מיטב שקלית 2-6 שנים"
5114160,"קסם אזימוט 10/90 דיבידנד "
5104211,"מיטב אקטיבית 25/75"
5111489,"PTF שקליות ריבית קבועה ממשלתיות 5+ שנים"
5130448,"מיטב מדינה – A ומעלה"
5118476,"אלטשולר שחם מדינה + 15%"
5121496,"מיטב אג\"ח ישראל פלוס"
5112909,"מגדל (!) אג\"ח רכיב בטוחה"
5124243,"יצירה 20/80"
5129481,"מיטב עוקבת מרכיב אג\"ח תיק – 3 הבנק הבינלאומי"
5130000,"MTF מחקה אינדקס אג\"ח בנקים וביטוח "
5118047,"קסם KTFי שקליות ריבית קבועה ממשלתיות"
5123393,"‏MTF מחקה שקליות ריבית קבועה ממשלתיות "
5115811,"תמיר פישמן 10/90 פלוס"
5128418,"דולפין אג\"ח סולידית"
5122239,"ילין לפידות 20/80 צמיחה"
5116082,"קסם אזימוט אג\"ח ללא מניות"
5116140,"מגדל אג\"ח מדינה"
5110879,"פסגות גלוב"
5123831,"סלע (!) אג\"ח כללי ללא מניות"
5112842,"מגדל אינפלציה   "
5123120,"מיטב שקלית עד שנתיים"
5128889,"הראל עוקבת תיק מס` 4 - בנק דיסקונט"
5125109,"אנליסט פיזור רחב 20/80"
5128111,"הראל Htf שקליות ריבית קבועה ממשלתיות"
5127105,"תמיר פישמן חיסכון נזיל עד שנתיים"
5122031,"פסגות שקלים עד שנתיים"
5119581,"פסגות מדינה-מדורג + 15%"
5114228,"פסגות (!) אג\"ח רכיב בטוחה-דירוג פנימי"
5122494,"אי.בי.אי. 20/80"
5122072,"פסגות אג\"ח תשואה כוללת "
5115688,"AA+  קסם אקסלנס אג\"ח בנקים "
5109160,"קסם אקסלנס קונצרני שקלי TOTAL RETURN "
5110887,"פסגות שקלית ארוכה 2 + שנים ללא מניות"
5109137,"פיטנגו אג\"ח כללי "
5107883,"אקסיומה אג\"ח + 30%"
5130356,"ילין לפידות (!) קונצרני ישראל"
5128129,"הראל Htf שקליות ממשלתיות "
5131438,"מגדל דיקלה סין "
5109012,"פסגות 10/90 "
5121280,"מיטב (!) 10/90 - בניהול ממוקד"
5111604,"פסגות אקטיבית 10/90 "
5131370,"מגדל שקלית 1-2 שנים"
5115498,"מיטב שקלית"
5105069,"מיטב תיק אג\"ח ללא מניות "
5120126,"ילין לפידות 10/90 תיק אג\"ח חו\"ל ומניות"
5106562," FOREST (!) אגם"
5125315,"הראל Htf  אינדקס מניות ישראל 100 - EW"
5107420,"אי.בי.אי. עד 3 שנים 20/80"
5122221,"ילין לפידות קונצרני + 10%"
5112669,"מגדל אג\"חA ‎‏ ומעלה - עד 3 שנים"
5113485,"מגדל 20/80  פרימיום "
5115225,"אנליסט שקלית מנוהל ללא מניות   "
5102827,"פסגות (!) בטא שקלי ללא מניות"
5111307,"מיטב עוקבת תיק 2 בנק דיסקונט "
5128012,"אלטשולר שחם ממשלת ארה\"ב עד שנתיים נקובה ב-$"
5129937,"מור A ומעלה עד 4 שנים "
5120563,"PTF תל בונד ריבית משתנה"
5118914,"קסם אקסלנס (!) בונד משתנה"
5103429,"פסגות פלטינום  20/80 "
5126230,"אי.בי.אי. גיא 20/80"
5118617,"ילין לפידות 25/75"
5120886,"מיטב אג\"ח בניהול ממוקד"
5115449,"טופ אלפא (!) אג\"ח ללא מניות "
5130216,"ילין לפידות 5/95"
5123955,"מיטב אג\"ח ישראל"
5106778,"איילון מדינה + 10%"
5125364,"MTF מחקה‏ תל בונד שקלי 5-15 "
5114582,"פסגות מגמת ריבית 20/80"
5125976,"ילין לפידות עוקבת תיק 3 בנק דיסקונט "
5102926,"מגדל עוקבת תיק 2 הבנק הבינלאומי"
5131057,"מגדל אג\"ח ומניות עד 10%"
5114731,"פסגות (!) תיק שקלי "
5114848,"קסם אקסלנס (!) אג\"ח גלובלי נקוב $"
5130208,"ילין לפידות מדינה 15/85"
5117999,"פסגות עוקבת תיק 3 בנק דיסקונט"
5108675,"פסגות פוטנציאל אג\"ח"
5118963,"אנליסט פיזור רחב 10/90"
5102090,"מיטב (!) ריבית משתנה "
5121025,"קסם KTF תל בונד ריבית משתנה"
5109061,"פסגות (!) שקלים 1-4 שנים "
5109863,"קסם אקסלנס אג\"ח + 15%"
5100839,"פסגות תיק אג\"ח + 10% "
5108428,"סיגמא (!) אג\"ח חברות"
5122551,"הראל Htf תל בונד ריבית משתנה"
5117445,"אלטשולר שחם GSE  מחקר קונצרני"
5108048,"סיגמא שקלית מנוהלת "
5102215,"מגדל אג\"ח חו\"ל לפדיון 2025"
5110408,"פסגות (!) תיק אג\"ח"
5122973,"MTF מחקה שקליות ריבית קבועה ממשלתיות 2-5 שנים "
5122924,"MTF מחקה‏ S&P 500 Dividend Aristocrats  "
5103114,"פסגות צמודה + 10%"
5120241,"אי.בי.אי. מחקה תל בונד ריבית משתנה"
5116330,"MTF מחקה‏ תל בונד ריבית משתנה "
5116009,"הראל שקלית ממשלתית   "
5120845,"תכלית  TTF תל בונד ריבית משתנה "
5112107,"פסגות מדינה ומניות"
5107800,"אלטשולר שחם אג\"ח מדינה + 10% "
5131073,"מגדל (!) מק\"מ פלוס ללא מניות"
5105713,"מיטב (!) אגד חוץ נקוב $"
5115431,"אלטשולר שחם  מק\"מ פלוס "
5120381,"רוטשילד (!) אג\"ח ללא מניות"
5102157,"רוטשילד תיק אג\"ח + 30%"
5125968,"ילין לפידות 15/85"
5124680,"הראל אג\"ח מדורג גבוה + 10%"
5105754,"פסגות (!) אג\"ח חברות ללא מניות"
5116181,"MTF מחקה אג\"ח ממשלתיות "
5118393,"תכלית TTF אג\"ח ממשלתי כללי"
5113428,"קסם  KTF אג\"ח ממשלתי כללי"
5113048,"אי.בי.אי (!) ריבית משתנה "
5107321,"סיגמא בונד שקלי A ומעלה"
5117262,"הראל Htf שקליות ריבית קבועה ממשלתיות 2-5 שנים"
5125448,"ילין לפידות תיק אג\"ח + 10%"
5105382,"אילים תיק אג\"ח + 10%"
5125372,"MTF מחקה‏ תל בונד שקלי 0-3‏ "
5117932,"מגדל אג\"ח חברות מדורג "
5116488,"ילין לפידות 20/80 "
5118534,"פסגות (!) אג\"ח דולר"
5112008,"פסגות מדינה-מדורג שקלי"
5116553,"אפסילון אג\"ח מדינה + 10%"
5123138,"מיטב אג\"ח "
5111422,"PTF שקליות ריבית קבועה ממשלתיות 2-5 שנים "
5113444,"קסם KTFי שקליות ריבית קבועה ממשלתיות 2-5 שנים"
5113022,"אי.בי.אי. מחקה שקליות ריבית קבועה ממשלתיות 2-5 שנים"
5117007,"הראל Htf משולבת אג\"ח ישראל שקלי חודשי"
5108857,"תכלית TTF שקליות ריבית קבועה ממשלתיות 2-5 שנים "
5114913,"ילין לפידות שקלית פלוס"
5112271,"PTF אג\"ח ממשלתי כללי"
5112479,"קסם אקסלנס אג\"ח דולר בינלאומי"
5119425,"אי.בי.אי. (!) אג\"ח חברות"
5109756,"מור שקלית מדינה ללא מניות"
5106745,"רוטשילד אג\"ח + 10% "
5100581,"קסם אקסלנס מדינה שקלי – A  ומעלה"
5105648,"קסם אקסלנס קונצרני A ומעלה"
5118153,"פסגות ריבית משתנה ללא מניות "
5121900,"אי.בי.אי. סל ריבית משתנה מאוזן + 10% מגודר מט\"ח"
5118922,"קסם אקסלנס (!) שקל עד שנתיים ללא מניות"
5101811,"איילון שקלית פלוס"
5116132,"מגדל אג\"ח חו\"ל לפדיון 2024 נקובה $"
5109996,"פסגות מדינה-מדורג ‏AA‏ + 10%"
5125216,"אלפי בנדק 10/90"
5119672,"אנליסט (!) פיזור רחב ללא מניות"
5122825,"אלטשולר שחם עוקבת תיק 3 בנק דיסקונט"
5128665,"אי.בי.אי. עוקבת תיק 3 בנק דיסקונט"
5130612,"סיגמא אג\"ח ישראל"
5101621,"פסגות אג\"ח עולמי מדורג"
5111026,"אלטשולר שחם ריבית משתנה"
5123476,"אפסילון אג\"ח מדינה עד 5 שנים ללא מניות"
5110085,"אלטשולר שחם תל בונד"
5116975,"ומעלה A אלטשולר שחם אג\"ח קונצרני 1-4 שנים"
5118146,"פסגות תיק השקעות גמיש"
5117908,"מגדל שקלית 1-2 שנים פלוס"
5114905,"ילין לפידות +10 ריבית משתנה "
5110804,"פסגות אלפא שקלית ללא מניות"
5122338,"פסגות תיק מנייתי"
5120589,"פסגות אג\"ח אקטיבי"
5100565,"הראל שקלית ארוכה "
5121140,"אנליסט כספית ללא נע\"מ "
5119839,"אי. בי. אי. (!) אג\"ח חו\"ל מנוטרלת מט\"ח"
5125281,"הראל חושן"
5114558,"קסם אקסלנס 5-95"
5105614,"רוטשילד 10/90- נקובה $"
5102991,"מגדל כספית שקלית"
5116454,"פסגות שקלית 1-3 שנים"
5112867,"פסגות שקלית מנוהלת פלוס ללא מניות"
5115621,"מור מק\"מ פלוס  "
5119813,"מור כספית "
5122353,"מגדל כספית מגמת ריבית"
5123898,"מיטב כספית"
5129903,"מגדל עוקבת מרכיב אג\"ח – תיק 3 הבנק הבינלאומי"
5115092,"ילין לפידות תיק השקעות + 15%"
5104807,"מגדל 20/80"
5124805,"מור תיק השקעות"
5120852,"אנליסט כספית "
5105820,"אלטשולר שחם כספים תרומה למען הקהילה"
5130075,"אנליסט מדינה – AA ומעלה"
5122478,"PTF‏ אינדקס ‏‎ AAומעלה מאוזן"
5116660,"הראל  שנהב"
5119748,"פסגות Long Run "
5119243,"ילין לפידות (!) 10/90 צמיחה"
5114178,"אילים אג\"ח A ומעלה – מגובה בביטחונות"
5112933,"איילון שקל ואג\"ח מדורגות"
5122585,"קסם אקסלנס כספית לריבית עולה"
5108105,"פסגות פרימיום "
5116470,"קסם אקסלנס תיק השקעות ללא מניות"
5113402,"קסם KTFי מק\"מ"
5125026,"ילין לפידות 10/90 ערך"
5121710,"ילין לפידות (!) אג\"ח חו\"ל נקוב $"
5111265,"PTF מק\"מ"
5109053,"פסגות Dollar Plus"
5115803,"אנליסט חסכון סולידי עד שנתיים"
5107651,"מיטב חושן"
5119359,"מיטב תיק עד שנתיים"
5123245,"קסם אקסלנס עוקבת תיק 3 בנק דיסקונט"
5112941,"איילון מדינה + 20%"
5118096,"קסם אקסלנס אג\"ח נדל\"ן חשיפה לאמריקה -חברות "
5101571,"מגדל דיקלה שקלים ארוכים"
5103726,"קסם אקסלנס תיק + 20% - אגד חוץ"
5130414,"פרופאונד אג\"ח מדורגות (!)"
5120407,"מגדל תיק השקעות ללא מניות"
5120894,"אנליסט אג\"ח חברות + 30%"
5129382,"שופן אג\"ח גלאט בפקוח ועד ההלכה של הגר\"ש ואזנר והגר\"נ קרליץ"
5118906,"פסגות ממוקדת 20/80"
5104385,"איילון עוקבת תיק 2 הבנק הבינלאומי"
5130810,"פסטרנק שהם 30/70"
5110564,"אלטשולר שחם תיק השקעות ללא מניות"
5130141,"תכלית TTF China Dragon Golden Nasdaq מנוטרלת מט\"ח"
5126420,"כוון גמישה"
5130166,"תכלית TTF תל בונד שקלי 8-0"
5130174,"תכלית TTF תל בונד שקלי 22-2"
5130158,"תכלית TTF תל בונד צמודות AAA-A"
5130125,"תכלית TTF תל בונד לא צמודות"
5130133,"תכלית TTF תל בונד שקלי 2-8"
5127410,"MTF מחקה Bluestar Fintech"
5127774,"הראל תיק אג\"ח - נקובה $"
5128871,"הראל עוקבת תיק מס` 3 - הבנק הבינלאומי"
5128368,"ילין לפידות מניות ערך "
5111968,"פסגות 10/90 פלוס"
5127246,"אנליסט עוקבת תיק 3 בנק דיסקונט"
5117502,"ילין לפידות מד\"פ + 10% "
5112982,"אי.בי.אי. מחקה מק\"מ"
5112685,"MTF מחקה‏ מק\"מ "
5117866,"MTF מחקה‏ צמודות מדד ממשלתיות "
5101910,"פסגות אג\"ח דולר ארה\"ב מנוהלת מח\"מ "
5125737,"אילים עוקבת תיק 2 הבנק הבינלאומי"
5122643,"קסם KTF משולבת אגח כללי ישראל (85%) ומניות (15%) חודשי"
5111620,"אי.בי.אי. שקל קצר"
5115035,"אלטשולר שחם  שקלית בינונית"
5117122,"קסם אקסלנס שקלית ממשלתית טהורה  "
5121421,"MTF מחקה‏ משולבת מק\"מ (60%) קונצרני שקלי (40%) חודשי"
5122999,"15% + LV   ילין לפידות תיק "
5124417,"תכלית TTF אינדקס קונצרני מדורג 5+ שנים"
5115332,"מגדל 10/90 תיק עד 3 שנים "
5128103,"הראל Htf שקליות ריבית משתנה ממשלתיות"
5117163,"קסם אקסלנס מק\"מ טהור מתגלגל "
5113386,"קסם KTFי צמודות מדד ממשלתיות"
5110713,"פסגות ת\"א 90 ויתר"
5117080,"MTF מחקה‏ משולבת שקליות ר.קבועה ממשלתיות 2-5 (75%) תל בונד שקלי (25%) חודשי"
5117296,"ילין לפידות שקלית 1-4 שנים"
5110705,"פסגות ניהול השקעה בחברות"
5126321,"קסם אקסלנס מדינה + 10%"
5121587,"מור 10/90"
5101480,"אפסילון עוקבת תיק 3 בנק דיסקונט "
5112461,"MTF מחקה‏ שקליות ריבית משתנה ממשלתיות "
5112990,"אי.בי.אי. מחקה שקליות ריבית משתנה ממשלתיות"
5105994,"אפסילון עוקבת תיק 2 הבנק הבינלאומי "
5113097,"פסגות (!) אג\"ח ישראל ללא מניות"
5129499,"מגדל עוקבת מרכיב אג\"ח – תיק 2 הבנק הבינלאומי "
5124185,"אנליסט אלפא ביתא 20/80"
5121561,"MTF מחקה‏ משולבת שקליות ממשלתיות (50%) קונצרני (50%) חודשי"
5127790,"הראל כספית מגמת ריבית"
5112719,"אפסילון 10/90 מניות דיבידנד"
5114384,"קסם KTF משולבת אגח כללי ישראל (90%) ומניות (10%) חודשי"
5104930,"אפסילון !  אג\"ח פרימיום "
5110770,"פסגות שקלית 10/90"
5129838,"קסם KTF אינדקס Bullet דולר 2023"
5115886,"ילין לפידות עד 3 שנים 10/90 "
5124409,"תכלית TTF (!) אינדקס קונצרני HY-BBB"
5118633,"מור (!) תיק אג\"ח מנוהל"
5127881,"פסגות כספית פטורה"
5117700,"איילון כספית"
5103510,"אי.בי.אי. כספית פטורה"
5520028,"מיטב (!) קונצרני ללא מניות "
5119466,"מור מניות ישראל"
5115571,"קסם אקסלנס תיק שקלי"
5112636,"פסגות אג\"ח ניהול מבוקר ללא מניות"
5108899,"ילין לפידות (!) אג\"ח לא מדורג + 10%   "
5115704,"ילין לפידות 10/90"
5125877,"מור תיק אג\"ח + 10%"
5119821,"מור 15/85"
5116983,"אלטשולר שחם אג\"ח ממשלתי ללא מניות"
5119763,"הראל Htf משולבת מדינה (90%) מניות ישראל-חול (10%) חודשי"
5129614,"אנליסט אלפא ביתא 30/70"
5118518,"פסגות כספית ממוקדת"
5115712,"ילין לפידות שקל ממוקדת   "
5129408,"הראל כספית ניהול נזילות"
5119409,"הראל כספית שקלית"
5112081,"פסגות אג\"ח מדינה + 10%"
5104955,"רוטשילד מדינה + 10%"
5113121,"הראל Htf משולבת מדינה חודשי"
5119730,"פסגות ספיר נקובה $"
5122809,"טרגט אניגמה מניות אירופה"
5106596,"הראל שקלית סולידית"
5121579,"מור ריבית משתנה"
5121819,"הראל Htf משולבת ממשלתיות חודשי"
5119623,"MTF מחקה משולבת ממשלתי (90%) מניות (10%) חודשי מנוטרלת מט\"ח"
5110762,"פסגות אלפא אג\"ח + 20%"
5104419,"מגדל אג\"ח ממשלתי ללא חברות"
5120647,"אי.בי.אי. מדינה פלוס A ומעלה"
5128897,"הראל שהם אג\"ח ללא מניות"
5100318,"קסם אקסלנס מדינה ללא מניות"
5126602,"אפסילון עוקבת מרכיב אג\"ח תיק 3 הבנק הבינלאומי "
5107305,"אי.בי.אי מק\"מ"
5131479,"מגדל אג\"ח מדינה פלוס"
5118310,"אי.בי.אי. 10/90 "
5102710,"מגדל 10/90 "
5118526,"פסגות אג\"ח מדינה ממוקדת"
5126008,"מיטב עוקבת תיק 1 בנק דיסקונט"
5111869,"הראל מגמת ריבית"
5122528,"אלטשולר שחם עוקבת תיק 2 בנק דיסקונט"
5123542,"רוטשילד  SELECT עד 30% מניות "
5118294,"פסגות כספית"
5118450,"MTF מחקה‏ משולבת אג\"ח ישראל (90%) מניות חו\"ל (10%) חודשי מנוטרלת מט\"ח "
5128350,"ילין לפידות (!) אג\"ח ישראל"
5119714,"אי.בי.אי. מחקה משולבת ממשלתי (90%) מניות (10%) חודשי"
5119078,"מור מדינה מנוהלת + 10% "
5120084," PTF משולבת ממשלתי 0-2 שנים (50%) ממשלתי 5+ שנים (50%) חודשי"
5128160,"פסגות כספית שקלית"
5111257,"פסגות מדינה-מדורג ללא מניות"
5114210,"פסגות (!) אגד חוץ אגח ופקדונות - $ "
5115894,"הראל תיק סולידי ללא מניות "
5120340,"הראל עוקבת מרכיב נזילות - הבנק הבינלאומי"
5120068,"ילין לפידות (!) אג\"ח קונצרני"
5122841,"MTF מחקה‏ משולבת שקליות ר.קבועה ממשלתיות (50%) מדדיות ממשלתיות (50%) חודשי"
5118641,"מור מדינה מנוהלת   "
5108345,"אפסילון עוקבת תיק 1 בנק דיסקונט"
5131131,"מגדל מדינה פלוס A ומעלה"
5110309,"קסם אקסלנס מדינה - AA ומעלה"
5130570,"סיגמא אג\"ח מדורג ללא מניות"
5106158,"איילון (!) אג\"ח חברות ללא מניות"
5122718,"מור סולידית"
5117627,"אי.בי.אי. מחקה משולבת ממשלתי חודשי"
5106737,"רוטשילד שקל פלוס ללא מניות "
5103254,"מגדל מדדית"
5110176,"הראל מעורבת"
5125455,"ילין לפידות מדינה – AA ומעלה"
5123880,"מיטב אג\"ח מדורגות ללא מניות"
5113287,"פסגות שכבות אג\"ח ללא מניות   "
5118005,"אלטשולר שחם תיק סולידי ללא מניות"
5119904,"PTF משולבת אג\"ח ישראל (100%) חודשי"
5100110,"הראל שקלית ללא מניות "
5129549,"MTF מחקה אינדקס אג\"ח במינוף פיננסי נמוך"
5121272,"מיטב מדינה "
5122726,"מור 20/80 "
5108402,"אלטשולר שחם עוקבת תיק 2 הבנק הבינלאומי"
5120001,"אושן יצירה (!) תיק אג\"ח ללא מניות"
5124706,"הראל (!) תל בונד דולר ללא מניות פלוס"
5104823,"הראל נבחרת 10/90"
5104393,"אי.בי.אי אגח $בינלאומי !"
5122007,"תכלית ISE Cyber Security TTF מנוטרלת דולר"
5112727,"אפסילון עוקבת תיק 2 בנק דיסקונט"
5118138,"פסגות Bond Picking "
5103767,"מיטב עוקבת תיק 1 הבנק הבינלאומי"
5117668,"איילון תיק השקעות ללא מניות"
5123005,"ילין לפידות תיק LV"
5118369,"ילין לפידות מדינה ללא מניות"
5130232,"אושן יצירה אג\"ח ללא מניות"
5115258,"רוטשילד SELECT עד 20% מניות"
5119979,"אושן יצירה 10/90 "
5102959,"מגדל אפיקים 20/90"
5119599,"ילין לפידות עוקבת תיק 2 בנק דיסקונט"
5113683,"מגדל אג\"ח מדינה + 15%"
5120910,"אנליסט אג\"ח מדינה + 10% "
5115365,"הראל 10/90 (!) פלטינום"
5100383,"מיטב מדורגות A ומעלה"
5118229,"קסם KTF משולבת אגח כללי ישראל (65%) וקונצרני ישראל (35%) חודשי"
5125893,"מור עוקבת תיק 3 בנק דיסקונט"
5119144,"אנליסט מניות חו\"ל"
5118377,"ילין צמוד קצר"
5115324,"מגדל מדינה בניהול שמרני"
5106125,"רוטשילד אג\"ח מדינה ללא מניות "
5123286,"אילים 10/90"
5106547,"מגדל אג\"ח לפדיון עד 2023"
5117346,"תכלית TTF משולבת אגח ממשלתי קונצרני (85%) מניות (15%) מנוטרלת מט\"ח חודשי"
5118849,"הראל מניות ישראל "
5118088," ילין לפידות TOTAL RETURN (!)"
5116405,"מיטב תיק השקעות סולידי"
5119565,"פסגות שווקים מתעוררים ‏Index Plus‏ - מנוטרלת מט\"ח"
5131172,"מגדל מדד"
5124045,"סיגמא (!) אג\"ח דולר בינלאומי"
5121843,"MTF מחקה STOXX Europe 600  "
5113782,"הראל (!) בונד + 10% - נקוב $ אגד חוץ"
5125901,"מור אג\"ח חברות "
5114780,"מיטב (!) מדינה מנוהלת"
5120829,"תכלית TTF משולבת ממשלתי כללי (65%) קונצרני (35%) חודשי"
5108733,"פסגות ‏High Yield (!) פלוס"
5130323,"איילון  מימון ואשראי חוץ בנקאי"
5110226,"פסגות (!) תיק קרנות ללא מניות – אגד ישראלי"
5116926,"מגדל‎ ‎צמודה"
5124458,"תכלית TTF (!) אינדקס אג\"ח ישראל ר.קבועה"
5127212,"מוניטר גמישה"
5106422,"הראל  נבחרת 20/80"
5129879,"MTF מחקה אינדקס אג\"ח A-AA לפירעון 2023 "
5115993,"הראל תיק ממוקד הנפקות פלוס "
5106869,"הראל אופטימום גלובלי"
5120662,"אי.בי.אי. אג\"ח פלוס חו\"ל 10/90 "
5127717,"קסם עוקבת תיק 2 בנק דיסקונט"
5231055,"הראל (!) נבחרת אג\"ח"
5123450,"אנליסט עוקבת תיק 2 בנק דיסקונט"
5117841,"הראל עוקבת תיק מס` 2 - הבנק הבינלאומי"
5108279,"קסם אזימוט שקלית מדינה מנוהלת"
5110655,"הראל בונד מדורג נקובה $"
5108238,"קסם אקסלנס אג\"ח + 10"
5114632,"אי.בי.אי. מדינה + 10%"
5117312,"ילין לפידות עוקבת תיק 2 הבנק הבינלאומי"
5104831,"מגדל  עוקבת תיק 1 הבנק הבינלאומי"
5103585,"מגדל אג\"ח $ בינלאומי – נקובה דולר "
5114392,"ילין לפידות  עוקבת תיק 1 הבנק הבינלאומי"
5115738,"הראל Htf משולבת אג\"ח ישראל (80%) מניות ישראל-חול (20%) חודשי"
5129143,"הראל אמלפי"
5110721,"פסגות אג\"ח חברות מדורגות + 30%"
5128384,"אנליסט (!) אג\"ח קונצרני "
5125885,"מור עוקבת תיק 1 בנק דיסקונט "
5112735,"אפסילון תיק סולידי"
5115753,"קסם אקסלנס ממשלתית ללא מניות - קרן נאמנות"
5119086,"מור תיק אג\"ח מנוהל + 30%"
5109848,"אפסילון IM ארה\"ב נקוב $"
5129036,"קסם KTF תל בונד-דולר"
5113469,"קסם אקסלנס מדינה פלטינום"
5125992,"הראל (!) אג\"ח מדורג - רכיב בטוחה"
5129424,"הראל Htf אינדקס לפדיון 2024 (מתגלגל כל 6 שנים)"
5123351,"MTF מחקה (!) אינדקס HY-BBB "
5103361,"קסם אקסלנס אג\"ח מדינה"
5104377,"הראל אג\"ח מדינה ללא מניות "
5111935,"ילין לפידות אג\"ח מדורג ללא מניות "
5128194,"הראל Htf משולבת אג\"ח ישראל (90%) ומניות (10%) חודשי"
5119706,"אי.בי.אי. סל 10/30/60 מגודרת מט\"ח"
5129127,"קסם S&P 500 Bond Mega 30 Investment Grade 3-5 Year KTF"
5113642,"איילון שקלית 2+ שנים"
5124524,"תכלית STOXX Europe 600 TTF "
5128806,"אלטשולר שחם עוקבת תיק 4 בנק דיסקונט"
5115514,"סיגמא אג\"ח ישראל + 20%"
5105143,"מיטב (!) בונד A – רכיב בטוחה"
5115787,"ילין לפידות מדינה + 10%"
5119060,"ילין לפידות עוקבת תיק 1 בנק דיסקונט"
5121876,"טרגט אניגמה עוקבת תיק 1 בנק דיסקונט"
5127709,"MTF מחקה תל בונד שקלי"
5126214,"אי.בי.אי. גבע אג\"ח חברות מנוהלת"
5127659,"MTF מחקה DAX 30  מנוטרלת מט\"ח"
5126586,"אי.בי.אי. שקלים ללא מניות"
5126719,"מגדל אפיקים צמודה"
5101795,"איילון 10/90 פרימיום"
5121504,"MTF מחקה‏ משולבת אג\"ח ישראל (75%) מניות (25%) חודשי מנוטרלת מט\"ח"
5103809,"איילון עוקבת תיק 2 בנק דיסקונט"
5118054,"קסם KTFי צמודות מדד ממשלתיות 5-10 שנים"
5122247,"הראל גביש תיק השקעות עד 20%"
5117833,"PTF צמודות מדד ממשלתיות 5-10 שנים"
5104252,"קסם אקסלנס עוקבת מרכיב נזילות הבנק הבינלאומי"
5129176,"איילון עוקבת תיק מרכיב הנזילות - הבנק הבינלאומי "
5113568,"הראל בונד נקובה ב- $"
5125935,"הראל עוקבת תיק מס` 2 - בנק דיסקונט "
5126479,"אי.בי.אי. (!) נוגה 25/75"
5111273,"הראל נבחרת מניות"
5119417,"אי.בי.אי. 15/85"
5129366,"ילין לפידות עוקבת מרכיב אג\"ח תיק 3 הבנק הבינלאומי"
5100748,"פסגות אג\"ח מדינה ללא מניות "
5111224,"פסגות קונצרני שקלי"
5116314,"ילין לפידות (!) מד\"פ "
5116934,"אנליסט מודל דירוג פנימי"
5113303,"קסם KTF תל בונד 40 "
5103957,"מגדל עוקבת תיק 1 בנק דיסקונט"
5120951,"קסם אזימוט תיק מנוהל 20%"
5100722,"פסגות ת\"א Stock Picking "
5113261,"פסגות עוקבת תיק 1 בנק דיסקונט"
5125158,"קסם Dax 30 KTF מנוטרלת מט\"ח"
5127782,"הראל עוקבת תיק מס` 1 - בנק דיסקונט"
5110580,"איביאי אג\"ח ללא מניות !  "
5120704,"סיגמא (!) אג\"ח דינמית ללא מניות"
5113071,"PTF תל בונד שקלי"
5127501,"הראל Htf Dax 30 - מנוטרלת מט\"ח "
5114624,"איילון מדינה פרימיום"
5110523,"אנליסט  אג\"ח!"
5127816,"רוטשילד אג\"ח כללי ממוקדת A ומעלה + 10%"
5117288,"הראל Htf תל בונד שקלי"
5126941,"אילים שקלית מנוהלת "
5125075,"תכלית TTF אינדקס אג\"ח חב` ריאליות שקלי "
5123237,"סיגמא אג\"ח מדינה + 10%"
5130430,"פרופאונד 20/80"
5125711,"אילים עוקבת תיק 2 בנק דיסקונט"
5109749,"מור מעשר אג\"ח "
5125653,"סיגמא אג\"ח לפדיון עד 12/2023"
5128210,"הראל Htf ימשולבת אג\"ח ישראל (85%) מניות ישראל-חול (15%) חודשי מנוטרלת מט\"ח"
5122114,"הראל לשם"
5114319,"אי.בי.אי. מחקה תל בונד שקלי"
5116785,"הראל Htfי צמודות מדד ממשלתיות 5-10 שנים"
5114491,"תכלית TTFתל בונד שקלי"
5115977,"הראל אג\"ח ישראל ‏"
5107313,"איביאי מק\"מ פלוס"
5118062,"פסגות עוקבת תיק 1 הבנק הבינלאומי"
5115597,"קסם KTF תל בונד מאגר"
5107743,"אינטראקטיב ישראל (!)י 10/90 "
5111802,"הראל ממשלתי ללא מניות"
5114566,"KTF קסם תל בונד שקלי"
5112404,"MTF מחקה‏ תל בונד 40 "
5114327,"אי.בי.אי. מחקה תל בונד 40"
5129010,"קסם KTF תל בונד-צמודות AA-AAA "
5101829,"איילון עוקבת תיק 1 – בנק דיסקונט"
5127006,"קסם אזימוט מניות דיבידנד"
5128483,"פורטה (!) אג\"ח כללי"
5119383,"תכלית TTF  צמודות מדד ממשלתיות 5-10 שנים "
5115118,"אי.בי.אי. מחקה צמודות מדד ממשלתיות 5-10 שנים"
5121801,"הראל Htf משולבת אג`ח ישראל (75%) מניות ישראל-חול (25%) חודשי מנוטרלת מט\"ח"
5129911,"הראל עוקבת מרכיב אג\"ח תיק 2 הבנק הבינלאומי "
5117130,"הראל אג\"ח בינלאומי עד 20% מט\"ח"
5116942,"אפסילון אג\"ח מדורג ללא מניות"
5129663,"הראל Htf אינדקס אג\"ח תזרימיות A ומעלה"
5103056,"קסם אקסלנס מודל ללא מניות "
5117460,"הראל מנוהלת 15% "
5108220,"קסם אקסלנס עוקבת מרכיב אג\"ח – תיק 2 הבנק הבינלאומי"
5116025,"קסם אקסלנס (!) אג\"ח מדינות-נקובה $"
5119953,"ילין לפידות A ומעלה עד 4 שנים "
5124763,"רוטשילד 20/80"
5125919,"מור 25/75"
5116561,"אפסילון  אג\"ח גלובלי"
5100771,"הראל סקטורים עולמי עד 30% מט\"ח"
5128533,"פורטה אג\"ח חו\"ל "
5111356,"הראל שקלים ומדורגות ללא מניות"
5127667,"MTF מחקה S&P 500 Bond Mega 30 Investment Grade 3-5 Year  "
5112743,"אפסילון אג\"ח מדורג A ומעלה עד 4 שנים"
5100193,"אילים תיק אג\"ח  + 30%"
5128095,"הראל Htf תל בונד מאגר"
5114434,"מיטב עוקבת תיק מרכיב הנזילות הבנק הבינלאומי"
5104732,"קסם אקסלנס אג\"ח מדורג ללא מניות"
5128558,"אושן יצירה (!) אג\"ח בינלאומי לפדיון עד 12/2023"
5119664,"קסם אקסלנס צמוד בינוני"
5125612,"קסם KTFי STOXX Europe 600"
5104518,"תמיר פישמן עוקבת תיק 2 בנק דיסקונט"
5113709,"אנליסט עוקבת תיק 2 הבנק הבינלאומי"
5119961,"ילין לפידות (!) אג\"ח חו\"ל"
5125661,"סיגמא עוקבת תיק 2 בנק דיסקונט "
5122817,"מור עוקבת תיק 2 בנק דיסקונט"
5118021,"קסם KTF  תל בונד 60"
5129556,"פסגות פארטו"
5128772,"תכלית TTF תל בונד-דולר"
5119151,"MTF מחקה‏ תל בונד מאגר‎ "
5119177,"אי.בי.אי. מחקה תל בונד מאגר"
5121835,"הראל Htf תל בונד 60"
5108667,"אלטשולר שחם אג\"ח מדינה צמודי מדד ללא מניות"
5115985,"הראל צמודים ממשלתיים"
5100680,"מגדל ‎עוקבת תיק מרכיב הנזילות הבנק הבינלאומי"
5122932,"הראל אג\"ח ממשלתיות"
5129689,"הראל Htf תל בונד צמודות-בנקים"
5114988,"פסגות תיק קונצרני מדורג"
5117916,"קסם אקסלנס ממשלתי טהור"
5109335,"אילים מדינה ללא מניות"
5111992,"הראל נכסים סולידיים "
5122262,"MTF מחקה תל בונד 60 "
5110333,"הראל אג\"ח דולר"
5118666,"תמיר פישמן אג\"ח מדינה"
5119607,"אנליסט אג\"ח מדינה עד 5 שנים ללא מניות"
5111331,"הראל צמודים פלוס"
5118559,"אי.בי.אי. מחקה תל בונד צמודות- בנקים"
5118757,"תל בונד צמודות- בנקים TTF תכלית "
5117817,"MTF מחקה‏ תל בונד צמודות בנקים"
5114509,"מיטב מדורגות A עד 3 שנים"
5117304,"ילין לפידות תיק ללא מניות"
5115274,"MTF מחקה משולבת אג\"ח ישראל (80%) מניות ישראל (20%) חודשי"
5123104,"הראל Htf אינדקס קונצרני מאוזן מח\"מ 2-4"
5116041,"סיגמא ממשלתי ללא מניות"
5119433,"הראל תיק אג\"ח מדינה"
5123278,"MTF מחקה אינדקס AA ומעלה צמוד "
5108162,"כרמים (!) אג\"ח חברות   "
5128343,"ילין לפידות מדדית ללא מניות"
5112206,"PTF תל בונד 60"
5113618,"מיטב מניות"
5128475,"פורטה 10/90"
5111885,"הראל מדינה"
5122619,"מיטב צמודה "
5116793,"הראל Htf משולבת אג\"ח ישראל צמוד חודשי"
5126453,"אי.בי.אי. נטע מדינה ללא מניות"
5115100,"אי.בי.אי. מחקה משולבת קונצרני (80%) מניות (20%) חודשי"
5111000,"אלטשולר צמוד בינוני   "
5124870,"MTF מחקה‏ אינדקס השקעה לרשויות מקומיות "
5117361,"תכלית TTF תל בונד 60"
5121413,"MTF מחקה משולבת ממשלתיות (60%) קונצרני ישראלי (40%) חודשי"
5114830,"מיטב צמודה+5%"
5129432,"קסם KTFי תל בונד שקלי-50"
5110150,"הראל דולרית"
5119615,"MTF מחקה‏ משולבת אג\"ח ישראל (85%) מניות (15%) חודשי מנוטרלת מט\"ח "
5123096,"סיגמא 30/70"
5107693,"מור אג\"ח פלוס"
5123294,"מור אג\"ח ישראל "
5115936,"Total Return (!) הראל "
5129994,"אנליסט עוקבת מרכיב אג\"ח - תיק 3 הבנק הבינלאומי "
5124144,"אנליסט אלפא ביתא מניות כללי"
5105317,"כוון 20/80"
5118880,"פסגות קונצרני ניהול מטבעי"
5115076,"הראל צמודה"
5101902,"אי.בי.אי. אג\"ח $ חו\"ל נקובה $ - תיק עד 3 שנים"
5117981,"פסגות עוקבת תיק 2 בנק דיסקונט"
5121090,"מור מדדית פלוס"
5123930,"PTF (!) אינדקס אג\"ח עם רכיב בטוחה"
5125349,"MTF מחקה‏ תל בונד צמודות 5-15 "
5130018,"הראל Htf אינדקס אג\"ח CoCo בנקים"
5100409,"קסם אקסלנס מדדית מדינה מנוהלת"
5105176,"קסם אקסלנס שקלית"
5112586,"הראל Htf משולבת אג\"ח ישראל (90%) מניות ישראל-חול (10%) חודשי"
5113725,"אנליסט אג\"ח סולידי + 5% מניות"
5101399,"סיגמא אג\"ח מדינה "
5111463,"PTF תל בונד 20"
5127634,"מיטב (!) אג\"ח דולר בינלאומי"
5108626,"מיטב  מדדית"
5123039,"MTF מחקה תל בונד 20 "
5123757,"ילין לפידות (!) אג\"ח חברות "
5128046,"תמיר פישמן עוקבת תיק 1 בנק דיסקונט "
5127840,"קסם אקסלנס עוקבת תיק 1 בנק דיסקונט"
5124060,"סיגמא 25/75"
5115589,"תל בונד 20 KTF  קסם"
5117270,"הראל Htf תל בונד 20"
5127360,"הראל אג\"ח מדורג מנוהלת"
5114046,"מור נבחרת אג\"ח "
5103247,"$ הראל אג\"ח מדינות חו\"ל – נקובה "
5115548,"הראל 10/90 פלוס "
5127204,"אי.בי.אי. עוקבת תיק 2 בנק דיסקונט"
5113014,"אי.בי.אי. מחקה תל בונד 20"
5115472,"תל בונד 20 TTF תכלית"
5115506,"סיגמא (!) מודל דירוג פנימי"
5109020,"פסגות צמוד מדד ללא מניות "
5115068,"הראל צמודים ללא מניות"
5121470,"אי.בי.אי. מחקה DAX 30 מנוטרלת מט\"ח"
5115779,"אי.בי.אי. מחקה משולבת קונצרני (90%) מניות (10%) חודשי"
5117940,"פסגות אג\"ח ממוצע A "
5117619,"אי.בי.אי. תיק אג\"ח כללי"
5126495,"אי.בי.אי. אג\"ח פלוס !"
5115837,"תכלית TTF משולבת אגח ממשלתי קונצרני (90%) מניות (10%) חודשי"
5120233,"אי.בי.אי. סל 25/75 "
5130539,"אקסלנס קסם אג\"ח ללא מניות "
5102652,"הראל אירופה עד 30% מט\"ח"
5129028,"קסם KTF תל בונד-צמודות 3-5"
5113105,"הראל ניהול שמרני + 10%"
5104666,"מגדל יMID CAP גרמניה מנוטרלת מט\"ח"
5111448,"איילון מדדית ללא מניות"
5129473,"אלפא טק מניות חו\"ל ממוקדת E.S.G"
5117437,"תל בונד צמודות  KTF קסם"
5102371,"הראל אג\"ח דולר בינלאומי "
5108683,"מיטב (!) אג\"ח דולר "
5114483,"תכלית TTF משולבת אגח ממשלתי קונצרני (80%) מניות (20%) מנוטרלת מט\"ח חודשי"
5127055,"תכלית S&P Aerospace & Defense TTF  מנוטרלת מט\"ח "
5103916,"תמיר פישמן (!) אגד חוץ נקוב $"
5112529,"פסגות אג\"ח מאוזן "
5117890,"MTF מחקה משולבת קונצרני צמוד (70%) קונצרני שקלי (30%) חודשי"
5231030,"הראל שקלית פלוס"
5117486,"PTF תל בונד צמודות"
5127907,"MTF מחקה תל בונד שקלי 50"
5117577,"אי.בי.אי. אג\"ח חברות מדורג"
5105788,"פסגות עוקבת תיק 2 הבנק הבינלאומי"
5119458,"הראל (!) תיק אג\"ח כללי"
5116512,"פסגות אג\"ח ממוצע AA"
5117023,"אי.בי.אי. מחקה תל בונד צמודות"
5121231,"קסם אקסלנס אג\"ח עד 2024"
5123518,"MTF מחקה‏ תל בונד צמודות "
5117429,"אי.בי.אי.  אג\"ח עולמי נקוב $"
5104245,"מגדל ‏ עוקבת תיק 2 בנק דיסקונט"
5125323,"תכלית TTF תל בונד שקלי 50 "
5121686,"MTF מחקה צמודות מדד ממשלתיות 2-5 שנים "
5125356,"MTF מחקה‏  תל בונד צמודות 3-5 "
5108253,"הראל פרימיום "
5127998,"אי.בי.אי. אג\"ח דולר ריבית משתנה"
5102561,"מיטב ! אג\"ח בינלאומי"
5129986,"אנליסט עוקבת מרכיב אג\"ח - תיק 2 הבנק הבינלאומי "
5115464,"איילון עוקבת תיק מרכיב הנזילות פלוס - הבנק הבינלאומי"
5117510,"מור מדדית מדינה ללא מניות"
5123229,"סיגמא  15/85"
5129390,"ילין לפידות עוקבת מרכיב אג\"ח תיק 2 הבנק הבינלאומי "
5117247,"הראל Htfי צמודות מדד ממשלתיות 2-5 שנים"
5111240,"PTF  צמודות מדד ממשלתיות 2-5 שנים"
5118583,"תמיר פישמן עוקבת תיק מרכיב נזילות הבנק הבינלאומי"
5110051,"הראל ת\"א - 125 "
5107362,"אי.בי.אי.  אג\"ח גלובלי"
5111836,"הראל (!) מסלול אג\"ח"
5113329,"קסם KTFי צמודות מדד ממשלתיות 2-5 שנים"
5111638,"אי.בי.אי (!) מדדית ללא מניות  "
5128673,"סיגמא צמודה פלוס"
5115761,"אי.בי.אי.  סל 20/80 "
5114335,"אנליסט אג\"ח ללא מניות   "
5117379,"תכלית TTF צמודות מדד ממשלתיות 2-5 שנים "
5113006,"אי.בי.אי. מחקה צמודות מדד ממשלתיות 2-5 שנים"
5114020,"מור בונד שקלי "
5121405,"MTF מחקה משולבת צמודות מדד ממשלתיות 2-5 (60%) קונצרני צמוד (40%) חודשי"
5128657,"אדמונד דה רוטשילד עוקבת תיק 4 בנק דיסקונט"
5106190,"מגדל תיק השקעות קונצרני"
5120464,"תמיר פישמן ליבור + ריבית קבועה"
5116272,"תמיר פישמן עוקבת תיק 1 הבנק הבינלאומי"
5102017,"מגדל (!) אג\"ח חו\"ל לפדיון 2022"
5116033,"אנליסט  20/80 "
5128715,"מיטב עוקבת מרכיב אג\"ח תיק – 2 הבנק הבינלאומי"
5127238,"מוניטר (!) אג\"ח עולמי נקובה $"
5119003,"אפסילון IM ארה\"ב "
5112560,"הראל ניהול אג\"ח  ‏"
5123559,"הראל Htf אינדקס קונצרני שקלי A"
5113527,"סיגמא אג\"ח משולבת + 20%"
5130117,"פסגות עוקבת מרכיב אג\"ח תיק 3 הבנק הבינלאומי "
5101670,"הראל אג\"ח תאגידים"
5111364,"פסגות (!) מודל קונצרני לונג שורט קרן ממונפת"
5102132,"אי.בי.אי מניות"
5112701,"אפסילון אג\"ח ללא מניות"
5118328,"אנליסט אג\"ח מדורג A ומעלה מח\"מ 1-4 שנים"
5114863,"פסגות אג\"ח ישראל-חו\"ל ‏+ 10%"
5125836,"אלפא טק מניות ישראל"
5120720,"סיגמא (!) 10/90 דינמית"
5124029,"סיגמא תיק נזילות עד שנתיים ללא מניות "
5126289,"רוטשילד עוקבת תיק 2 בנק דיסקונט "
5123369,"MTF מחקה אינדקס A שקלי"
5103718,"קסם אקסלנס אג\"ח 2021 נקוב בדולר"
5107156,"הראל קונצרני A ומעלה "
5101381,"איילון מניות "
5103098,"פסגות מדדית ללא מניות"
5109673,"איילון (!) אג\"ח והנפקות ללא מניות"
5130109,"פסגות עוקבת מרכיב אג\"ח תיק 2 הבנק הבינלאומי "
5104476,"הראל 10/90"
5123567,"MTF מחקה S&P Aerospace & Defense  מנוטרלת מט\"ח"
5124698,"הראל תיק עד שנתיים"
5121868,"סיגמא מניות דיבידנד אירופה"
5108147,"כרמים אג\"ח כללי"
5127626,"תכלית TTF אינדקס מניות כלכלת ישראל "
5118187,"HIGH YIELD מגדל  ! אג\"ח"
5124201,"אלטשולר שחם גמישה"
5111216,"הראל מנוהלת 20%"
5111893,"פסגות מד\"פ מדורג "
5126263,"רוטשילד עוקבת תיק 3 הבנק הבינלאומי "
5109624,"כוון אג\"ח מנוהלת ללא מניות "
5111208,"פסגות  תיק צמוד מדד "
5117551,"מגדל מניות ביטחון עולמי"
5119441,"הראל (!) תיק אג\"ח קונצרני "
5117494,"PTF תל בונד צמודות יתר"
5127873,"אילים עוקבת תיק 1 בנק דיסקונט"
5109871,"סיגמא אג\"ח כללי ללא מניות"
5128731,"מיטב עוקבת תיק מרכיב הנזילות פלוס הבנק הבינלאומי"
5115605,"קסם KTFי תל בונד צמודות-יתר"
5105150,"מיטב מניות ערך חו\"ל"
5118211,"פסגות צמוד בינוני"
5105564,"דירוג A איילון אג\"ח ללא מניות"
5114939,"הראל Htf תל בונד צמודות-יתר"
5117569,"תכלית TTF תל בונד צמודות - יתר"
5125331,"MTF מחקה‏ תל בונד שקלי 3-5 "
5117049,"אי.בי.אי. מחקה תל בונד צמודות- יתר"
5116918,"MTF מחקה‏ תל בונד צמודות יתר "
5109632,"כוון 10/90"
5129531,"MTF מחקה אינדקס A ישראל 2-4"
5128699,"איילון חיסכון דולרי עד שנתיים"
5103569,"כוון אג\"ח דינמית"
5114285,"קסם אזימוט השקעות"
5109079,"כרמים שקלית "
5125802,"פסגות אג\"ח עד 3 שנים"
5124425,"תכלית TTF אינדקס קונצרני מדורג 2-5 שנים"
5112768,"הראל עוקבת תיק מס` 3 - בנק דיסקונט"
5128038,"MTF מחקה S&P 500 Bond Mega 30 Investment Grade 1-3 Year"
5110929,"הראל (!) תיק השקעות ללא מניות "
5129671,"א.ש SmartBeta מחקה משולבת Market Neutral מנוטרלת מט\"ח חודשי "
5120183,"איילון מלכות מהדרין תיק 10/90  "
5121983,"MTF מחקה משולבת DAX 30י (50%) STOXX Europe 600י (50%) חודשי מנוטרלת מט\"ח "
5107958,"כוון אג\"ח 15/85"
5128954,"פסגות עוקבת תיק מרכיב הנזילות פלוס הבנק הבינלאומי "
5122536,"הראל אופטימום גרמניה Mid Cap עד 30% מט\"ח"
5127550,"קסם S&P Aerospace & Defense  KTF מנוטרלת מט\"ח"
5116363," אנליסט מדדית ללא מניות - קרן נאמנו"
5118690,"אי.בי.אי. מחקה משולבת STOXX Europe 600י(70%) DAX 30י(30%)חודשי מנוטרלת מט\"ח"
5124672,"הראל תיק מנוהל"
5116736,"דיאמונד מניות ישראל"
5127824,"רוטשילד חסכון עד שנתיים נקוב $ "
5110556,"הראל גמישה (היובל‏)"
5113188,"ומעלה AA הראל קונצרני"
5101639,"אנליסט השקעות"
5123153,"תכלית STOXX Europe 600 TTF  מנוטרלת אירו "
5120688,"סיגמא 20/80"
5106406,"הראל 15/85 "
5123088,"קסם KTF משולבת מניות אירופה חודשי מנוטרלת אירו"
5115928,"הראל (!) נבחרת קונצרני"
5109004,"סיגמא 10/90 "
5104948,"אפסילון IM אירופה"
5118070,"פסגות צמוד קצר"
5110192,"הראל מדד בינוני "
5129564,"פסגות אג\"ח ממוקד A ומעלה"
5109731,"מור גמישה "
5129069,"MTF מחקה  אינדקס A-AA ישראל 1-3"
5108774,"אקסיומה אג\"ח ללא מניות "
5127808,"הראל כספית דולרית מגמת ריבית"
5113501,"סיגמא  אג\"ח חברות תזרימיות עד 3 שנים  "
5102470,"הראל שקלי 0-3 שנים + 10%"
5125984,"MTF מחקה‏ תל בונד צמודות 0-3 "
5122460,"PTF‏ אינדקס A מאוזן"
5110341,"הראל כספית נקובה ב-$ "
5128723,"טרגט אניגמה A ומעלה עד 3 שנים"
5125778,"אילים 50/50"
5129523,"הראל כספית פטורה נקובה $"
5111059,"הראל אג\"ח ללא מניות"
5111117,"הראל אג\"ח חו\"ל עד 20% מט\"ח"
5119235,"א.ש SmartBeta מחקה מומנטום קונצרני  (-A) ומעלה A.B"
5116637,"טרגט אניגמה אג\"ח ללא מניות"
5102751,"קסם אקסלנס תחליף לפקדון נקוב דולר"
5128004,"אלטשולר שחם ממשלת ארה\"ב עד שנתיים דולרית"
5115795,"מיטב כספית נקובה ב - $"
5128970,"תכלית TTF ת\"א-פמילי"
5115001,"מגדל כספית נקובה בדולר $"
5115381,"כרמים צמוד ממשלתי בינוני"
5126990,"מגדל כספית דולר"
5103833,"קסם אקסלנס כספית דולר "
5119805,"אינטראקטיב ישראל אג\"ח ללא מניות"
5101407,"הראל (!) מסלול  אג\"ח מדורגות "
5110382,"פסגות כספית נקובה $‏"
5117973,"פסגות‎ ‎‏אירופה ‏Index Plus‏ - מנוטרלת מט\"ח"
5100672,"מיטב כספית דולרית"
5129218,"STOXX Europe 600 PTF מנוטרלת אירו"
5130091,"פסגות כספית ממוקדת - נקובה $"
5110374,"הראל אופטימום מניות ישראל"
5231097,"הראל כספית דולרית"
5126834,"אילים מדדית מנוהלת"
5103403,"הראל כספית דולר נזיל חייבת"
5121058,"פסגות כספית דולר לריבית עולה"
5125729,"אילים עוקבת תיק 3 בנק דיסקונט"
5117536,"מגדל M.Q.MODEL  מניות ארה\"ב"
5100169,"הראל אודם"
5128087,"פסגות כספית דולרית"
5127535,"קסם  KTF ת\"א סקטור-באלאנס"
5104765,"מיטב גמישה"
5126305,"רוטשילד עוקבת תיק 3 בנק דיסקונט"
5121223,"קסם KTF תל בונד תשואות שקלי"
5127428,"MTF מחקה ת\"א סקטור-באלאנס "
5110754,"פסגות תיק מניות ממוקד"
5124300,"מור נדל\"ן "
5122163,"MTF מחקה STOXX Europe 600  מנוטרלת מט\"ח"
5129705,"הראל Htf ת\"א סקטור- באלאנס"
5115027,"אנליסט מניות ממוקדת "
5130406,"א.ד רוטשילד סמארטגן ישראל נקובה $ "
5126560,"כוון מניות ישראל "
5108188,"כרמים צמוד מדד מדורג"
5122940,"קסם STOXX Europe 600  KTF מנוטרלת אירו"
5127584,"תכלית  TTF ת\"א סקטור-באלאנס "
5122122,"א.ש SmartBeta מחקה ממשלתי A.B"
5127287,"תכלית S&P Utilities TTF  מנוטרלת מט\"ח"
5122395,"אי.בי.אי. מחקה תל בונד תשואות שקל"
5107453,"הראל (!) אג\"ח חברות ממוקדת"
5122320,"MTF מחקה תל בונד תשואות שקל "
5109525,"אינטראקטיב ישראל  25/75 "
5130331,"א.ש SmartBeta מחקה משולבת אג\"ח (80%) ומניות (20%) חודשי "
5100946,"אפסילון מניות ישראל"
5103999,"הראל ספיר"
5118732,"תכלית TTF תל בונד תשואות שקלי "
5129697,"הראל Htfי תל דיב"
5119227,"א.ש SmartBeta מחקה משולבת אג\"ח (90%) ומניות (10%) חודשי"
5120795,"אנליסט גמישה"
5112545,"פסגות (!) מודל קונצרני "
5101431,"פסגות שווקים מתעוררים"
5106729,"רוטשילד אג\"ח מדורג A ומעלה"
5127170,"א.ש SmartBeta מחקה משולבת אג\"ח (50%) ומניות (50%) חודשי מנוטרלת מט\"ח"
5101258,"אנליסט מניות ישראל"
5110788,"פסגות ת\"א 125 מנוהלת"
5101167,"רוטשילד ישראל"
5106430,"הראל (!) אג\"ח חברות והמרה"
5120779,"הראל השקעות‏ גמישה"
5104567,"מיטב ת\"א 125 פלוס"
5105390,"הראל (!) אג\"ח עולמי "
5107859,"הראל ‏(!)‏ אג\"ח ממוקד הנפקות"
5125034,"אלטשולר שחם תיירות ופנאי"
5117239,"הראל תיק השקעות"
5104971,"רוטשילד מדד"
5104153,"BUY SIDE מיטב מניות "
5124912,"הראל Htf אינדקס לפדיון 2022 (מתגלגל כל 6 שנים)"
5109889,"MTF מחקה ת\"א 125 "
5112628,"PTF ת\"א 125"
5120811,"אנליסט מניות"
5118708,"אפסילון נבחרת מניות"
5122791,"רוטשילד עוקבת תיק 2 הבנק הבינלאומי"
5122510,"הראל Htf ת\"א 125"
5113345,"קסם  KTF ת\"א 125"
5114657,"תכלית TTF ת\"א 125 "
5113063,"אי.בי.אי. מחקה ת\"א 125"
5115860,"פסגות תיק מניות מחקר פנימי"
5123112,"הראל Htf אינדקס קונצרני צמוד A"
5107842,"הראל מניות"
5123344,"MTF מחקה אינדקס A צמוד"
5126701,"אלטשולר שחם סופה מניות"
5131230,"מגדל דולר אגרסיבית"
5131115," מגדל הכנסה חודשית"
5125943,"הראל 25/75"
5106828,"אילים (!) אג\"ח חברות מנוהלת  "
5118120,"קסם KTF תל בונד תשואות"
5117957,"PTF תל בונד תשואות"
5122635,"MTF מחקה‏ תל בונד תשואות  "
5125059,"א.ש SmartBeta מחקה ארה\"ב A.B Low Volatility מנוטרלת מט\"ח"
5116371,"תכלית TTFי תל בונד תשואות"
5126818,"אי.בי.אי. מחקה תל בונד תשואות"
5122734,"אפסילון IM אירופה עד 30% מט\"ח"
5130273,"הראל מניות בנקים וביטוח"
5131297,"מגדל נדל\"ן"
5106810,"אילים נבחרת מניות"
5125828,"אלפא טק (!) תיק השקעות ללא מניות"
5127188,"אלפי בנדק מניות ישראל"
5105895,"אלטשולר שחם - קרן ממונפת"
5125141,"א.ש SmartBeta מחקה משולבת אג\"ח (70%) ומניות (30%) חודשי מנוטרלת מט\"ח"
5125174,"קסם S&P Financial KTF מנוטרלת מט\"ח"
5115290,"הראל 10/90 מחלקת  "
5129242,"S&P Financial PTF"
5121892,"אי.בי.אי. מחקה S&P Financial מנוטרלת מט\"ח"
5125604,"קסם S&P Financial KTF"
5130489,"סיגמא מימון המונים באקוויטי-P2P"
5104799,"אינטראקטיב ישראל אחזקות בעלי עניין "
5111695,"הראל מניות ממוקדת"
5130562,"סיגמא אג\"ח ללא מניות"
5102850,"הראל אג\"ח סולידית מחלקת "
5108865,"אקסיומה מניות ת\"א 125"
5123997,"אי.בי.אי. מחקה  S&P Financial"
5130547,"אקסלנס קסם מניות ת\"א 125"
5115829,"מודלים גמישה"
5131354,"מגדל ת\"א - 35 "
5129721,"הראל Htf ‏DJ US Dividend"
5131453,"מגדל M.Q.MODEL מניות ישראל"
5122288,"MTF מחקה‏ משולבת ת\"א 125 (70%) ת\"א בנקים 5 (30%) חודשי  "
5109897,"MTF מחקה ת\"א 35 "
5103700,"אלטשולר שחם נדל\"ן"
5120266,"א.ש SmartBeta מחקה גרמניה A.B Low Volatility מנוטרלת מט\"ח"
5101506,"אי.בי.אי. מחקה ת\"א 35"
5109418,"תכלית TTF ת\"א 35 "
5124490,"קסם KTF ת\"א 35"
5130281,"תכלית TTF Indxx Old Age REITs "
5123575,"MTF מחקה S&P 500 Low Volatility High Dividend  מנוטרלת מט\"ח"
5124755,"אי.בי.אי. מחקה Solactive ת\"א 125 Low Volatility High Dividends"
5110598,"הראל ת\"א - 35 "
5123419,"אי.בי.אי. מחקה S&P 500 Low Volatility High Dividend"
5125679,"סיגמא גמישה"
5119201,"א.ש SmartBeta מחקה Low Volatility ת\"א 125 A.B"
5101589,"מודלים מניות ארה\"ב"
5101266,"אנליסט נדל\"ן"
5104328,"אנליסט מניות ואסטרטגיות"
5117742,"איילון משקל שווה ת\"א 35"
5117809,"איילון אקסטרים דולר פי 3"
5121306,"א.ש  SmartBeta מחקה משולבת ת\"א Large Cap חודשי"
5114301,"מודלים לונג דולר פי 3"
5119755,"פסגות ת\"א 35  Index Plus"
5122130,"א.ש SmartBeta מחקה ארה\"ב A.B מנוטרלת מט\"ח"
5125752,"MTF מחקה Indxx Global Aerospace & Defense "
5120282,"אי.בי.אי. מחקה Solactive נדל\"ן מניב ישראל"
5104922,"איילון מניות בנקים"
5119219,"א.ש SmartBeta מחקה מולטי פקטור ת\"א 125 A.B"
5109798,"תטא ניהול חוזים ואופציות ממונפת"
5124292,"קסם אקסלנס אנרגיה"
5128442,"אי.בי.אי. מחקה Nasdaq Global Smart Airlines"
5101951,"מיטב גז ונפט עד 120%"
5111570,"הראל מעו\"ף בריבוע"
5103304,"מגדל דיקלה מעוף כפליים"
5102876,"הראל משאבי גז ואנרגיה"
5117684,"איילון אקסטרים ת\"א 125 פי 3"
5117692,"איילון אקסטרים ת\"א 35 פי 3"
5130711,"מור כספית נקובה ב-$"
5131636,"PTF תל בונד מאגר "
5130083,"MTF מחקה אינדקס צמודות בנקים וביטוח"
5131644,"NASDAQ 100  PTF מנוטרלת מט\"ח"
5131628,"S&P 500 PTF מנוטרלת מט\"ח"
5130851,"קסם S&P 500 KTF נקובה $ "
5130737,"Shiller Barclays CAPE® US Core Mid-Month Sector PTF"
5130752,"STOXX Europe 600 PTF"
5130760,"א.ש SmartBeta מחקה A.B Australia Multi Factor Top 30 מנוטרלת מט\"ח"
5132071,"פסגות DJ Internet Composite ETF מנוטרלת מט\"ח"
5131578,"קסם KTF אינדקס מזון ישראלי"
5130521,"MTF מחקה S&P 500 ESG מנוטרלת מט\"ח"
5131198,"תכלית TTF ‏ S&P 500 ESG"
5131875,"ISP Asset Management אג\"ח ללא מניות"
5130802,"פורצ`ן (!) אג\"ח ללא מניות"
5131107,"הראל (!) אסטרטגיות אג\"ח ללא מניות"
5132139,"אי.בי.אי. מחקה משולבת טכנולוגיה עולמי"
5132063,"פסגות ETFי משולבת מניות חו\"ל סקטורים ארה\"ב חודשי מנוטרלת מט\"ח"
5132089,"פסגות ETFי משולבת מניות חו\"ל סקטורים ארה\"ב חודשי"
5131842,"פסגות ETFי משולבת S&P פיננסים (70%) בנקים אזוריים (30%) חודשי מנוטרלת מט\"ח"
5131347,"פסגות ETF משולבת אג\"ח חברות (50%) אג\"ח מדינה (50%) חודשי"
5131305,"פסגות ETF משולבת אג\"ח ישראלי (95%) ת\"א 125 (5%) חודשי"
5131321,"פסגות ETF משולבת אג\"ח מדינה (66%) אג\"ח חברות (34%) חודשי"
5130596,"MTF מחקה אינדקס אג\"ח ומניות נדל\"ן מניב 20/80 חודשי "
5130778,"פסגות ETF משולבת אג\"ח ישראלי (90%) ת\"א 125 (10%) חודשי"
5130372,"MTF מחקה אינדקס אג\"ח ומניות בנקים 20/80 חודשי"
5130687,"PTF ת\"א 35"
5131818,"פסגות ETF משולבת S&P צריכה מחזורית (50%) בסיסית (50%) חודשי מנוטרלת מט\"ח"
5130513,"MTF מחקה שקליות ריבית קבועה ממשלתיות 5+ שנים"
5131792,"הראל Htf אג\"ח ממשלתיות כללי"
5130604,"MTF מחקה אינדקס תשתיות לאומיות ישראל"
5131925,"תכלית TTF אינדקס בנקים ואשראי חוץ בנקאי"
5131743,"מור מחקה אינדקס צריכה ישראלית"
5131487,"קסם KTF ת\"א -מניב ישראל"
5132105,"הראל Htf אינדקס תוכנה ישראלית"
5131891,"מור מחקה אינדקס טכנולוגיה ישראל EW"
5131289,"פסגות ETF משולבת אג\"ח מדינה (90%) ת\"א בנקים 5 (10%) חודשי"
5130950,"אנליסט תיק LV "
5130729,"אימפקט 10/90"
5131545,"אקורד 10/90"
5131867,"ISP Asset Managementי 20/80"
5131560,"אקורד 20/80"
5130786,"פסגות 20/80 Index Plus "
5131263,"אנליסט 15/85"
5130661,"הראל Htf ת\"א 35"
5131610,"PTF תל בונד צמודות בנקים"
5131917,"PTF תל בונד צמודות A"
5131008,"PTF תל בונד צמודות AA-AAA"
5130695,"PTF תל בונד צמודות 3-5"
5131602,"PTF אינדקס A תקרת מנפיק"
5131727,"MTF מחקה אינדקס A-AA שקלי"
5130844,"תכלית TTF אינדקס סולם אג\"ח מדורג 0-6 שנים"
5131164,"הראל Htf אינדקס AA-AAA ריאליות שקלי "
5131735,"MTF מחקה  אינדקס A-AA צמוד"
5130703,"PTF‏ אינדקס A-AA מנגנון מרווח"
5131222,"MTF מחקה אינדקס אג\"ח חברות ממשלתיות"
5130943,"קסם KTF אינדקס אג\"ח שקלי ביטוח ושירותים פיננסיים"
5131586,"מור (!) אג\"ח עם רכיב בטוחה"
5131651,"אנליסט (!) אג\"ח רכיב בטוחה ופיננסיים"
5132030,"הראל Htf אינדקס A שקלי ישראל"
5131123,"אלפא טק אג\"ח מדורג + 10%"
5131180,"הראל Htf אינדקס AA-AAA ריאליות צמוד"
5131552,"אקורד אג\"ח מדורגות"
5130968,"אנליסט (!) אג\"ח חו\"ל ללא מניות נקובה $"
5131784,"הראל (!) אג\"ח הזדמנויות - נקובה $ "
5131909,"PTF תל בונד תשואות שקל"
5130836,"תכלית TTF תל בונד שקלי AA-AAA "
5130828,"תכלית TTF תל בונד שקלי בנקים וביטוח"
5130901,"אלפא טק תיק מניות"
5130919,"PTF ת\"א 90"
5130638,"הראל Htfי ת\"א 90 "
5130620,"MTF מחקה ת\"א 90 "
5129887,"MTF מחקה אינדקס ת\"א 125 Quality"
5132014,"אינטראקטיב אנרגיה ירוקה ישראל - ארה\"ב"
5131834,"פסגות DJ US Real Estate ETF"
5131362,"אינטראקטיב טכנולוגיה ישראל STOCK PICKING"
5130984,"ילין לפידות מניות נדל\"ן"
5131081,"הראל Htf ת\"א טכנולוגיה"
5131404,"הראל Htf ת\"א בנייה "
5131420,"הראל Htf ת\"א מניב ישראל"
5130893,"MTF מחקה ת\"א-טכנולוגיה"
5131701,"פסגות ETF צמודות מדד ממשלתיות 0-2 שנים"
5130869,"קסם Indxx Climate Change Solutions KTF"
5131685,"הראל Htf אינדקס Work From Home מנוטרלת מט\"ח "
5131883,"מור מחקה אינדקס תשתיות ובינוי ארה\"ב"
5131693,"קסם KTF י Indxx Advanced Life Sciences & Smart Healthcare Thematic "
5131933,"תכלית TTF INDXX TECHNOLOGY REITs"
5132006,"קסם KTF אינדקס eGaming מנוטרלת דולר"
5127451,"MTF מחקה Bluestar Autonomous Driving  מנוטרלת דולר"
5131537,"תכלית NASDAQ Clean Edge Green Energy EW TTF מנוטרלת מט\"ח "
5131040,"מור אנרגיה נקיה"
5131966,"מור מחקה אינדקס בנקים EW"
5131529,"MTF מחקה אינדקס צריכה בסיסית ישראל"
5130927,"קסם KTF ת\"א -טכנולוגיה "
5131719,"קסם Indxx China Internet KTF"
5131800,"S&P Kensho Human Evolution PTF "
5131446,"MTF מחקה Bluestar Top 10 US Banks  מנוטרלת מט\"ח"
5131941,"קסם KTF י ISE Cyber Security מנוטרלת דולר"
5131206,"קסם NASDAQ Biotechnology KTF מנוטרלת מט\"ח"
5131974,"הורייזן פיוצ`ר טק"
5127378,"MTF מחקה Bluestar Artificial Intelligence  מנוטרלת דולר"
5131776,"תכלית INDXX FLEXIBLE WORKPLACE EW TTF"
5127162,"MTF מחקה Bluestar Robotics מנוטרלת דולר"
5131503,"MTF מחקה Bluestar Travel & Vacation  מנוטרלת מט\"ח "
5125703,"MTF מחקה Bluestar Fintech  מנוטרלת דולר"
5130745,"MTF מחקה Indxx Renewable Energy מנוטרלת דולר"
5132162,"תכלית TTF אינדקס ביג טק 30 ארה\"ב מנוטרלת מט\"ח"
5132022,"פסגות ב. אלטרנטיב טכנולוגיה רפואית"
5131768,"תכלית TTF‏ INDXX TOURISM & LEISURE EW"
5130877,"קסם KTF  BlueStar Data Center and Logistics Real Estate"
5130976,"MTF מחקה Bluestar Solar Energy Industry מנוטרלת דולר"
5131461,"דרך מניות ערך"
5130794,"הראל מניות חול Index Plus "
5131388,"מגדל מניות חו\"ל נקובה $"
5131859,"הראל כלכלה ירוקה עד 30% מט\"ח"
